country,apr2_tariff_pct,apr9_status,source_url,notes
Algeria,30,paused,https://www.govinfo.gov/content/pkg/FR-2025-04-07/pdf/2025-06063.pdf; https://www.federalregister.gov/documents/2025/04/15/2025-06462/modifying-reciprocal-tariff-rates-to-reflect-trading-partner-retaliation-and-alignment,
Angola,32,paused,https://www.govinfo.gov/content/pkg/FR-2025-04-07/pdf/2025-06063.pdf; https://www.federalregister.gov/documents/2025/04/15/2025-06462/modifying-reciprocal-tariff-rates-to-reflect-trading-partner-retaliation-and-alignment,
Argentina,10,unchanged,https://www.govinfo.gov/content/pkg/FR-2025-04-07/pdf/2025-06063.pdf; https://www.federalregister.gov/documents/2025/04/15/2025-06462/modifying-reciprocal-tariff-rates-to-reflect-trading-partner-retaliation-and-alignment,"Not mentioned in EO 14257 Annex I, so the universal 10% baseline applied from Apr 5, 2025. The Apr 9 suspension replaced Annex I rates with that same 10%, so this country's rate did not change."
Australia,10,unchanged,https://www.govinfo.gov/content/pkg/FR-2025-04-07/pdf/2025-06063.pdf; https://www.federalregister.gov/documents/2025/04/15/2025-06462/modifying-reciprocal-tariff-rates-to-reflect-trading-partner-retaliation-and-alignment,"Not mentioned in EO 14257 Annex I, so the universal 10% baseline applied from Apr 5, 2025. The Apr 9 suspension replaced Annex I rates with that same 10%, so this country's rate did not change."
Austria,20,paused,https://www.govinfo.gov/content/pkg/FR-2025-04-07/pdf/2025-06063.pdf; https://www.federalregister.gov/documents/2025/04/15/2025-06462/modifying-reciprocal-tariff-rates-to-reflect-trading-partner-retaliation-and-alignment,part of European Union (EU)
Bangladesh,37,paused,https://www.govinfo.gov/content/pkg/FR-2025-04-07/pdf/2025-06063.pdf; https://www.federalregister.gov/documents/2025/04/15/2025-06462/modifying-reciprocal-tariff-rates-to-reflect-trading-partner-retaliation-and-alignment,
Belarus,0,unchanged,https://www.govinfo.gov/content/pkg/FR-2025-04-07/pdf/2025-06063.pdf,Excluded from EO 14257 (HTS Column 2 country). No reciprocal tariff and no 10% baseline imposed.
Belgium,20,paused,https://www.govinfo.gov/content/pkg/FR-2025-04-07/pdf/2025-06063.pdf; https://www.federalregister.gov/documents/2025/04/15/2025-06462/modifying-reciprocal-tariff-rates-to-reflect-trading-partner-retaliation-and-alignment,part of European Union (EU)
Bosnia and Herzegovina,35,paused,https://www.govinfo.gov/content/pkg/FR-2025-04-07/pdf/2025-06063.pdf; https://www.federalregister.gov/documents/2025/04/15/2025-06462/modifying-reciprocal-tariff-rates-to-reflect-trading-partner-retaliation-and-alignment,
Botswana,37,paused,https://www.govinfo.gov/content/pkg/FR-2025-04-07/pdf/2025-06063.pdf; https://www.federalregister.gov/documents/2025/04/15/2025-06462/modifying-reciprocal-tariff-rates-to-reflect-trading-partner-retaliation-and-alignment,
Brazil,10,unchanged,https://www.govinfo.gov/content/pkg/FR-2025-04-07/pdf/2025-06063.pdf; https://www.federalregister.gov/documents/2025/04/15/2025-06462/modifying-reciprocal-tariff-rates-to-reflect-trading-partner-retaliation-and-alignment,"Not mentioned in EO 14257 Annex I, so the universal 10% baseline applied from Apr 5, 2025. The Apr 9 suspension replaced Annex I rates with that same 10%, so this country's rate did not change."
Brunei,24,paused,https://www.govinfo.gov/content/pkg/FR-2025-04-07/pdf/2025-06063.pdf; https://www.federalregister.gov/documents/2025/04/15/2025-06462/modifying-reciprocal-tariff-rates-to-reflect-trading-partner-retaliation-and-alignment,
Bulgaria,20,paused,https://www.govinfo.gov/content/pkg/FR-2025-04-07/pdf/2025-06063.pdf; https://www.federalregister.gov/documents/2025/04/15/2025-06462/modifying-reciprocal-tariff-rates-to-reflect-trading-partner-retaliation-and-alignment,part of European Union (EU)
Cambodia,49,paused,https://www.govinfo.gov/content/pkg/FR-2025-04-07/pdf/2025-06063.pdf; https://www.federalregister.gov/documents/2025/04/15/2025-06462/modifying-reciprocal-tariff-rates-to-reflect-trading-partner-retaliation-and-alignment,
Cameroon,11,paused,https://www.govinfo.gov/content/pkg/FR-2025-04-07/pdf/2025-06063.pdf; https://www.federalregister.gov/documents/2025/04/15/2025-06462/modifying-reciprocal-tariff-rates-to-reflect-trading-partner-retaliation-and-alignment,
Canada,0,unchanged,https://www.govinfo.gov/content/pkg/FR-2025-04-07/pdf/2025-06063.pdf; https://www.federalregister.gov/documents/2025/02/07/2025-02406/imposing-duties-to-address-the-flow-of-illicit-drugs-across-our-northern-border,"Excluded from EO 14257: no reciprocal tariff and no 10% baseline. Remained under the separate Feb 1, 2025 IEEPA border order at 25% on non-USMCA-originating goods"
Chad,13,paused,https://www.govinfo.gov/content/pkg/FR-2025-04-07/pdf/2025-06063.pdf; https://www.federalregister.gov/documents/2025/04/15/2025-06462/modifying-reciprocal-tariff-rates-to-reflect-trading-partner-retaliation-and-alignment,
Chile,10,unchanged,https://www.govinfo.gov/content/pkg/FR-2025-04-07/pdf/2025-06063.pdf; https://www.federalregister.gov/documents/2025/04/15/2025-06462/modifying-reciprocal-tariff-rates-to-reflect-trading-partner-retaliation-and-alignment,"Not mentioned in EO 14257 Annex I, so the universal 10% baseline applied from Apr 5, 2025. The Apr 9 suspension replaced Annex I rates with that same 10%, so this country's rate did not change."
China,34,raised,https://www.govinfo.gov/content/pkg/FR-2025-04-07/pdf/2025-06063.pdf; https://www.federalregister.gov/documents/2025/04/15/2025-06462/modifying-reciprocal-tariff-rates-to-reflect-trading-partner-retaliation-and-alignment,Apr 2 (EO 14257 Annex I): 34%. Apr 8 (EO 14259): raised to 84%. Apr 9 (EO 14266): raised again to 125% and China excluded from the 90-day suspension granted to all other Annex I countries
Colombia,10,unchanged,https://www.govinfo.gov/content/pkg/FR-2025-04-07/pdf/2025-06063.pdf; https://www.federalregister.gov/documents/2025/04/15/2025-06462/modifying-reciprocal-tariff-rates-to-reflect-trading-partner-retaliation-and-alignment,"Not mentioned in EO 14257 Annex I, so the universal 10% baseline applied from Apr 5, 2025. The Apr 9 suspension replaced Annex I rates with that same 10%, so this country's rate did not change."
Costa Rica,10,unchanged,https://www.govinfo.gov/content/pkg/FR-2025-04-07/pdf/2025-06063.pdf; https://www.federalregister.gov/documents/2025/04/15/2025-06462/modifying-reciprocal-tariff-rates-to-reflect-trading-partner-retaliation-and-alignment,"Not mentioned in EO 14257 Annex I, so the universal 10% baseline applied from Apr 5, 2025. The Apr 9 suspension replaced Annex I rates with that same 10%, so this country's rate did not change."
Cote d'Ivoire,21,paused,https://www.govinfo.gov/content/pkg/FR-2025-04-07/pdf/2025-06063.pdf; https://www.federalregister.gov/documents/2025/04/15/2025-06462/modifying-reciprocal-tariff-rates-to-reflect-trading-partner-retaliation-and-alignment,
Croatia,20,paused,https://www.govinfo.gov/content/pkg/FR-2025-04-07/pdf/2025-06063.pdf; https://www.federalregister.gov/documents/2025/04/15/2025-06462/modifying-reciprocal-tariff-rates-to-reflect-trading-partner-retaliation-and-alignment,part of European Union (EU)
Cuba,0,unchanged,https://www.govinfo.gov/content/pkg/FR-2025-04-07/pdf/2025-06063.pdf,Excluded from EO 14257 (HTS Column 2 country). No reciprocal tariff and no 10% baseline imposed.
Cyprus,20,paused,https://www.govinfo.gov/content/pkg/FR-2025-04-07/pdf/2025-06063.pdf; https://www.federalregister.gov/documents/2025/04/15/2025-06462/modifying-reciprocal-tariff-rates-to-reflect-trading-partner-retaliation-and-alignment,part of European Union (EU)
Czechia,20,paused,https://www.govinfo.gov/content/pkg/FR-2025-04-07/pdf/2025-06063.pdf; https://www.federalregister.gov/documents/2025/04/15/2025-06462/modifying-reciprocal-tariff-rates-to-reflect-trading-partner-retaliation-and-alignment,part of European Union (EU)
Democratic Republic of the Congo,11,paused,https://www.govinfo.gov/content/pkg/FR-2025-04-07/pdf/2025-06063.pdf; https://www.federalregister.gov/documents/2025/04/15/2025-06462/modifying-reciprocal-tariff-rates-to-reflect-trading-partner-retaliation-and-alignment,
Denmark,20,paused,https://www.govinfo.gov/content/pkg/FR-2025-04-07/pdf/2025-06063.pdf; https://www.federalregister.gov/documents/2025/04/15/2025-06462/modifying-reciprocal-tariff-rates-to-reflect-trading-partner-retaliation-and-alignment,part of European Union (EU)
Dominican Republic,10,unchanged,https://www.govinfo.gov/content/pkg/FR-2025-04-07/pdf/2025-06063.pdf; https://www.federalregister.gov/documents/2025/04/15/2025-06462/modifying-reciprocal-tariff-rates-to-reflect-trading-partner-retaliation-and-alignment,"Not mentioned in EO 14257 Annex I, so the universal 10% baseline applied from Apr 5, 2025. The Apr 9 suspension replaced Annex I rates with that same 10%, so this country's rate did not change."
Ecuador,10,unchanged,https://www.govinfo.gov/content/pkg/FR-2025-04-07/pdf/2025-06063.pdf; https://www.federalregister.gov/documents/2025/04/15/2025-06462/modifying-reciprocal-tariff-rates-to-reflect-trading-partner-retaliation-and-alignment,"Not mentioned in EO 14257 Annex I, so the universal 10% baseline applied from Apr 5, 2025. The Apr 9 suspension replaced Annex I rates with that same 10%, so this country's rate did not change."
Egypt,10,unchanged,https://www.govinfo.gov/content/pkg/FR-2025-04-07/pdf/2025-06063.pdf; https://www.federalregister.gov/documents/2025/04/15/2025-06462/modifying-reciprocal-tariff-rates-to-reflect-trading-partner-retaliation-and-alignment,"Not mentioned in EO 14257 Annex I, so the universal 10% baseline applied from Apr 5, 2025. The Apr 9 suspension replaced Annex I rates with that same 10%, so this country's rate did not change."
El Salvador,10,unchanged,https://www.govinfo.gov/content/pkg/FR-2025-04-07/pdf/2025-06063.pdf; https://www.federalregister.gov/documents/2025/04/15/2025-06462/modifying-reciprocal-tariff-rates-to-reflect-trading-partner-retaliation-and-alignment,"Not mentioned in EO 14257 Annex I, so the universal 10% baseline applied from Apr 5, 2025. The Apr 9 suspension replaced Annex I rates with that same 10%, so this country's rate did not change."
Equatorial Guinea,13,paused,https://www.govinfo.gov/content/pkg/FR-2025-04-07/pdf/2025-06063.pdf; https://www.federalregister.gov/documents/2025/04/15/2025-06462/modifying-reciprocal-tariff-rates-to-reflect-trading-partner-retaliation-and-alignment,
Estonia,20,paused,https://www.govinfo.gov/content/pkg/FR-2025-04-07/pdf/2025-06063.pdf; https://www.federalregister.gov/documents/2025/04/15/2025-06462/modifying-reciprocal-tariff-rates-to-reflect-trading-partner-retaliation-and-alignment,part of European Union (EU)
EU,20,paused,https://www.govinfo.gov/content/pkg/FR-2025-04-07/pdf/2025-06063.pdf; https://www.federalregister.gov/documents/2025/04/15/2025-06462/modifying-reciprocal-tariff-rates-to-reflect-trading-partner-retaliation-and-alignment,"Group of 27 European Union countries, I also included them separately"
Falkland Islands,41,paused,https://www.govinfo.gov/content/pkg/FR-2025-04-07/pdf/2025-06063.pdf; https://www.federalregister.gov/documents/2025/04/15/2025-06462/modifying-reciprocal-tariff-rates-to-reflect-trading-partner-retaliation-and-alignment,
Fiji,32,paused,https://www.govinfo.gov/content/pkg/FR-2025-04-07/pdf/2025-06063.pdf; https://www.federalregister.gov/documents/2025/04/15/2025-06462/modifying-reciprocal-tariff-rates-to-reflect-trading-partner-retaliation-and-alignment,
Finland,20,paused,https://www.govinfo.gov/content/pkg/FR-2025-04-07/pdf/2025-06063.pdf; https://www.federalregister.gov/documents/2025/04/15/2025-06462/modifying-reciprocal-tariff-rates-to-reflect-trading-partner-retaliation-and-alignment,part of European Union (EU)
France,20,paused,https://www.govinfo.gov/content/pkg/FR-2025-04-07/pdf/2025-06063.pdf; https://www.federalregister.gov/documents/2025/04/15/2025-06462/modifying-reciprocal-tariff-rates-to-reflect-trading-partner-retaliation-and-alignment,part of European Union (EU)
Germany,20,paused,https://www.govinfo.gov/content/pkg/FR-2025-04-07/pdf/2025-06063.pdf; https://www.federalregister.gov/documents/2025/04/15/2025-06462/modifying-reciprocal-tariff-rates-to-reflect-trading-partner-retaliation-and-alignment,part of European Union (EU)
Ghana,10,unchanged,https://www.govinfo.gov/content/pkg/FR-2025-04-07/pdf/2025-06063.pdf; https://www.federalregister.gov/documents/2025/04/15/2025-06462/modifying-reciprocal-tariff-rates-to-reflect-trading-partner-retaliation-and-alignment,"Not mentioned in EO 14257 Annex I, so the universal 10% baseline applied from Apr 5, 2025. The Apr 9 suspension replaced Annex I rates with that same 10%, so this country's rate did not change."
Greece,20,paused,https://www.govinfo.gov/content/pkg/FR-2025-04-07/pdf/2025-06063.pdf; https://www.federalregister.gov/documents/2025/04/15/2025-06462/modifying-reciprocal-tariff-rates-to-reflect-trading-partner-retaliation-and-alignment,part of European Union (EU)
Guatemala,10,unchanged,https://www.govinfo.gov/content/pkg/FR-2025-04-07/pdf/2025-06063.pdf; https://www.federalregister.gov/documents/2025/04/15/2025-06462/modifying-reciprocal-tariff-rates-to-reflect-trading-partner-retaliation-and-alignment,"Not mentioned in EO 14257 Annex I, so the universal 10% baseline applied from Apr 5, 2025. The Apr 9 suspension replaced Annex I rates with that same 10%, so this country's rate did not change."
Guyana,38,paused,https://www.govinfo.gov/content/pkg/FR-2025-04-07/pdf/2025-06063.pdf; https://www.federalregister.gov/documents/2025/04/15/2025-06462/modifying-reciprocal-tariff-rates-to-reflect-trading-partner-retaliation-and-alignment,
Honduras,10,unchanged,https://www.govinfo.gov/content/pkg/FR-2025-04-07/pdf/2025-06063.pdf; https://www.federalregister.gov/documents/2025/04/15/2025-06462/modifying-reciprocal-tariff-rates-to-reflect-trading-partner-retaliation-and-alignment,"Not mentioned in EO 14257 Annex I, so the universal 10% baseline applied from Apr 5, 2025. The Apr 9 suspension replaced Annex I rates with that same 10%, so this country's rate did not change."
Hong Kong,34,raised,https://www.govinfo.gov/content/pkg/FR-2025-04-07/pdf/2025-06063.pdf; https://www.federalregister.gov/documents/2025/04/15/2025-06462/modifying-reciprocal-tariff-rates-to-reflect-trading-partner-retaliation-and-alignment,follows China
Hungary,20,paused,https://www.govinfo.gov/content/pkg/FR-2025-04-07/pdf/2025-06063.pdf; https://www.federalregister.gov/documents/2025/04/15/2025-06462/modifying-reciprocal-tariff-rates-to-reflect-trading-partner-retaliation-and-alignment,part of European Union (EU)
Iceland,10,unchanged,https://www.govinfo.gov/content/pkg/FR-2025-04-07/pdf/2025-06063.pdf; https://www.federalregister.gov/documents/2025/04/15/2025-06462/modifying-reciprocal-tariff-rates-to-reflect-trading-partner-retaliation-and-alignment,"Not mentioned in EO 14257 Annex I, so the universal 10% baseline applied from Apr 5, 2025. The Apr 9 suspension replaced Annex I rates with that same 10%, so this country's rate did not change."
India,26,paused,https://www.govinfo.gov/content/pkg/FR-2025-04-07/pdf/2025-06063.pdf; https://www.federalregister.gov/documents/2025/04/15/2025-06462/modifying-reciprocal-tariff-rates-to-reflect-trading-partner-retaliation-and-alignment,
Indonesia,32,paused,https://www.govinfo.gov/content/pkg/FR-2025-04-07/pdf/2025-06063.pdf; https://www.federalregister.gov/documents/2025/04/15/2025-06462/modifying-reciprocal-tariff-rates-to-reflect-trading-partner-retaliation-and-alignment,
Iraq,39,paused,https://www.govinfo.gov/content/pkg/FR-2025-04-07/pdf/2025-06063.pdf; https://www.federalregister.gov/documents/2025/04/15/2025-06462/modifying-reciprocal-tariff-rates-to-reflect-trading-partner-retaliation-and-alignment,
Ireland,20,paused,https://www.govinfo.gov/content/pkg/FR-2025-04-07/pdf/2025-06063.pdf; https://www.federalregister.gov/documents/2025/04/15/2025-06462/modifying-reciprocal-tariff-rates-to-reflect-trading-partner-retaliation-and-alignment,part of European Union (EU)
Israel,17,paused,https://www.govinfo.gov/content/pkg/FR-2025-04-07/pdf/2025-06063.pdf; https://www.federalregister.gov/documents/2025/04/15/2025-06462/modifying-reciprocal-tariff-rates-to-reflect-trading-partner-retaliation-and-alignment,
Italy,20,paused,https://www.govinfo.gov/content/pkg/FR-2025-04-07/pdf/2025-06063.pdf; https://www.federalregister.gov/documents/2025/04/15/2025-06462/modifying-reciprocal-tariff-rates-to-reflect-trading-partner-retaliation-and-alignment,part of European Union (EU)
Japan,24,paused,https://www.govinfo.gov/content/pkg/FR-2025-04-07/pdf/2025-06063.pdf; https://www.federalregister.gov/documents/2025/04/15/2025-06462/modifying-reciprocal-tariff-rates-to-reflect-trading-partner-retaliation-and-alignment,
Jordan,20,paused,https://www.govinfo.gov/content/pkg/FR-2025-04-07/pdf/2025-06063.pdf; https://www.federalregister.gov/documents/2025/04/15/2025-06462/modifying-reciprocal-tariff-rates-to-reflect-trading-partner-retaliation-and-alignment,
Kazakhstan,27,paused,https://www.govinfo.gov/content/pkg/FR-2025-04-07/pdf/2025-06063.pdf; https://www.federalregister.gov/documents/2025/04/15/2025-06462/modifying-reciprocal-tariff-rates-to-reflect-trading-partner-retaliation-and-alignment,
Kenya,10,unchanged,https://www.govinfo.gov/content/pkg/FR-2025-04-07/pdf/2025-06063.pdf; https://www.federalregister.gov/documents/2025/04/15/2025-06462/modifying-reciprocal-tariff-rates-to-reflect-trading-partner-retaliation-and-alignment,"Not mentioned in EO 14257 Annex I, so the universal 10% baseline applied from Apr 5, 2025. The Apr 9 suspension replaced Annex I rates with that same 10%, so this country's rate did not change."
Kuwait,10,unchanged,https://www.govinfo.gov/content/pkg/FR-2025-04-07/pdf/2025-06063.pdf; https://www.federalregister.gov/documents/2025/04/15/2025-06462/modifying-reciprocal-tariff-rates-to-reflect-trading-partner-retaliation-and-alignment,"Not mentioned in EO 14257 Annex I, so the universal 10% baseline applied from Apr 5, 2025. The Apr 9 suspension replaced Annex I rates with that same 10%, so this country's rate did not change."
Laos,48,paused,https://www.govinfo.gov/content/pkg/FR-2025-04-07/pdf/2025-06063.pdf; https://www.federalregister.gov/documents/2025/04/15/2025-06462/modifying-reciprocal-tariff-rates-to-reflect-trading-partner-retaliation-and-alignment,
Latvia,20,paused,https://www.govinfo.gov/content/pkg/FR-2025-04-07/pdf/2025-06063.pdf; https://www.federalregister.gov/documents/2025/04/15/2025-06462/modifying-reciprocal-tariff-rates-to-reflect-trading-partner-retaliation-and-alignment,part of European Union (EU)
Lesotho,50,paused,https://www.govinfo.gov/content/pkg/FR-2025-04-07/pdf/2025-06063.pdf; https://www.federalregister.gov/documents/2025/04/15/2025-06462/modifying-reciprocal-tariff-rates-to-reflect-trading-partner-retaliation-and-alignment,
Libya,31,paused,https://www.govinfo.gov/content/pkg/FR-2025-04-07/pdf/2025-06063.pdf; https://www.federalregister.gov/documents/2025/04/15/2025-06462/modifying-reciprocal-tariff-rates-to-reflect-trading-partner-retaliation-and-alignment,
Liechtenstein,37,paused,https://www.govinfo.gov/content/pkg/FR-2025-04-07/pdf/2025-06063.pdf; https://www.federalregister.gov/documents/2025/04/15/2025-06462/modifying-reciprocal-tariff-rates-to-reflect-trading-partner-retaliation-and-alignment,
Lithuania,20,paused,https://www.govinfo.gov/content/pkg/FR-2025-04-07/pdf/2025-06063.pdf; https://www.federalregister.gov/documents/2025/04/15/2025-06462/modifying-reciprocal-tariff-rates-to-reflect-trading-partner-retaliation-and-alignment,part of European Union (EU)
Luxembourg,20,paused,https://www.govinfo.gov/content/pkg/FR-2025-04-07/pdf/2025-06063.pdf; https://www.federalregister.gov/documents/2025/04/15/2025-06462/modifying-reciprocal-tariff-rates-to-reflect-trading-partner-retaliation-and-alignment,part of European Union (EU)
Macau,34,raised,https://www.govinfo.gov/content/pkg/FR-2025-04-07/pdf/2025-06063.pdf; https://www.federalregister.gov/documents/2025/04/15/2025-06462/modifying-reciprocal-tariff-rates-to-reflect-trading-partner-retaliation-and-alignment,follows China
Madagascar,47,paused,https://www.govinfo.gov/content/pkg/FR-2025-04-07/pdf/2025-06063.pdf; https://www.federalregister.gov/documents/2025/04/15/2025-06462/modifying-reciprocal-tariff-rates-to-reflect-trading-partner-retaliation-and-alignment,
Malawi,17,paused,https://www.govinfo.gov/content/pkg/FR-2025-04-07/pdf/2025-06063.pdf; https://www.federalregister.gov/documents/2025/04/15/2025-06462/modifying-reciprocal-tariff-rates-to-reflect-trading-partner-retaliation-and-alignment,
Malaysia,24,paused,https://www.govinfo.gov/content/pkg/FR-2025-04-07/pdf/2025-06063.pdf; https://www.federalregister.gov/documents/2025/04/15/2025-06462/modifying-reciprocal-tariff-rates-to-reflect-trading-partner-retaliation-and-alignment,
Malta,20,paused,https://www.govinfo.gov/content/pkg/FR-2025-04-07/pdf/2025-06063.pdf; https://www.federalregister.gov/documents/2025/04/15/2025-06462/modifying-reciprocal-tariff-rates-to-reflect-trading-partner-retaliation-and-alignment,part of European Union (EU)
Mauritius,40,paused,https://www.govinfo.gov/content/pkg/FR-2025-04-07/pdf/2025-06063.pdf; https://www.federalregister.gov/documents/2025/04/15/2025-06462/modifying-reciprocal-tariff-rates-to-reflect-trading-partner-retaliation-and-alignment,
Mexico,0,unchanged,https://www.govinfo.gov/content/pkg/FR-2025-04-07/pdf/2025-06063.pdf; https://www.federalregister.gov/documents/2025/02/07/2025-02407/imposing-duties-to-address-the-situation-at-our-southern-border,"Excluded from EO 14257: no reciprocal tariff and no 10% baseline. Remained under the separate Feb 1, 2025 IEEPA border order at 25% on non-USMCA-originating goods"
Moldova,31,paused,https://www.govinfo.gov/content/pkg/FR-2025-04-07/pdf/2025-06063.pdf; https://www.federalregister.gov/documents/2025/04/15/2025-06462/modifying-reciprocal-tariff-rates-to-reflect-trading-partner-retaliation-and-alignment,
Monaco,10,unchanged,https://www.govinfo.gov/content/pkg/FR-2025-04-07/pdf/2025-06063.pdf; https://www.federalregister.gov/documents/2025/04/15/2025-06462/modifying-reciprocal-tariff-rates-to-reflect-trading-partner-retaliation-and-alignment,"Not mentioned in EO 14257 Annex I, so the universal 10% baseline applied from Apr 5, 2025. The Apr 9 suspension replaced Annex I rates with that same 10%, so this country's rate did not change."
Morocco,10,unchanged,https://www.govinfo.gov/content/pkg/FR-2025-04-07/pdf/2025-06063.pdf; https://www.federalregister.gov/documents/2025/04/15/2025-06462/modifying-reciprocal-tariff-rates-to-reflect-trading-partner-retaliation-and-alignment,"Not mentioned in EO 14257 Annex I, so the universal 10% baseline applied from Apr 5, 2025. The Apr 9 suspension replaced Annex I rates with that same 10%, so this country's rate did not change."
Mozambique,16,paused,https://www.govinfo.gov/content/pkg/FR-2025-04-07/pdf/2025-06063.pdf; https://www.federalregister.gov/documents/2025/04/15/2025-06462/modifying-reciprocal-tariff-rates-to-reflect-trading-partner-retaliation-and-alignment,
Myanmar (Burma),44,paused,https://www.govinfo.gov/content/pkg/FR-2025-04-07/pdf/2025-06063.pdf; https://www.federalregister.gov/documents/2025/04/15/2025-06462/modifying-reciprocal-tariff-rates-to-reflect-trading-partner-retaliation-and-alignment,
Namibia,21,paused,https://www.govinfo.gov/content/pkg/FR-2025-04-07/pdf/2025-06063.pdf; https://www.federalregister.gov/documents/2025/04/15/2025-06462/modifying-reciprocal-tariff-rates-to-reflect-trading-partner-retaliation-and-alignment,
Nauru,30,paused,https://www.govinfo.gov/content/pkg/FR-2025-04-07/pdf/2025-06063.pdf; https://www.federalregister.gov/documents/2025/04/15/2025-06462/modifying-reciprocal-tariff-rates-to-reflect-trading-partner-retaliation-and-alignment,
Netherlands,20,paused,https://www.govinfo.gov/content/pkg/FR-2025-04-07/pdf/2025-06063.pdf; https://www.federalregister.gov/documents/2025/04/15/2025-06462/modifying-reciprocal-tariff-rates-to-reflect-trading-partner-retaliation-and-alignment,part of European Union (EU)
New Zealand,10,unchanged,https://www.govinfo.gov/content/pkg/FR-2025-04-07/pdf/2025-06063.pdf; https://www.federalregister.gov/documents/2025/04/15/2025-06462/modifying-reciprocal-tariff-rates-to-reflect-trading-partner-retaliation-and-alignment,"Not mentioned in EO 14257 Annex I, so the universal 10% baseline applied from Apr 5, 2025. The Apr 9 suspension replaced Annex I rates with that same 10%, so this country's rate did not change."
Nicaragua,18,paused,https://www.govinfo.gov/content/pkg/FR-2025-04-07/pdf/2025-06063.pdf; https://www.federalregister.gov/documents/2025/04/15/2025-06462/modifying-reciprocal-tariff-rates-to-reflect-trading-partner-retaliation-and-alignment,
Nigeria,14,paused,https://www.govinfo.gov/content/pkg/FR-2025-04-07/pdf/2025-06063.pdf; https://www.federalregister.gov/documents/2025/04/15/2025-06462/modifying-reciprocal-tariff-rates-to-reflect-trading-partner-retaliation-and-alignment,
North Korea,0,unchanged,https://www.govinfo.gov/content/pkg/FR-2025-04-07/pdf/2025-06063.pdf,Excluded from EO 14257 (HTS Column 2 country). No reciprocal tariff and no 10% baseline imposed.
North Macedonia,33,paused,https://www.govinfo.gov/content/pkg/FR-2025-04-07/pdf/2025-06063.pdf; https://www.federalregister.gov/documents/2025/04/15/2025-06462/modifying-reciprocal-tariff-rates-to-reflect-trading-partner-retaliation-and-alignment,
Norway,15,paused,https://www.govinfo.gov/content/pkg/FR-2025-04-07/pdf/2025-06063.pdf; https://www.federalregister.gov/documents/2025/04/15/2025-06462/modifying-reciprocal-tariff-rates-to-reflect-trading-partner-retaliation-and-alignment,
Pakistan,29,paused,https://www.govinfo.gov/content/pkg/FR-2025-04-07/pdf/2025-06063.pdf; https://www.federalregister.gov/documents/2025/04/15/2025-06462/modifying-reciprocal-tariff-rates-to-reflect-trading-partner-retaliation-and-alignment,
Panama,10,unchanged,https://www.govinfo.gov/content/pkg/FR-2025-04-07/pdf/2025-06063.pdf; https://www.federalregister.gov/documents/2025/04/15/2025-06462/modifying-reciprocal-tariff-rates-to-reflect-trading-partner-retaliation-and-alignment,"Not mentioned in EO 14257 Annex I, so the universal 10% baseline applied from Apr 5, 2025. The Apr 9 suspension replaced Annex I rates with that same 10%, so this country's rate did not change."
Peru,10,unchanged,https://www.govinfo.gov/content/pkg/FR-2025-04-07/pdf/2025-06063.pdf; https://www.federalregister.gov/documents/2025/04/15/2025-06462/modifying-reciprocal-tariff-rates-to-reflect-trading-partner-retaliation-and-alignment,"Not mentioned in EO 14257 Annex I, so the universal 10% baseline applied from Apr 5, 2025. The Apr 9 suspension replaced Annex I rates with that same 10%, so this country's rate did not change."
Philippines,17,paused,https://www.govinfo.gov/content/pkg/FR-2025-04-07/pdf/2025-06063.pdf; https://www.federalregister.gov/documents/2025/04/15/2025-06462/modifying-reciprocal-tariff-rates-to-reflect-trading-partner-retaliation-and-alignment,
Poland,20,paused,https://www.govinfo.gov/content/pkg/FR-2025-04-07/pdf/2025-06063.pdf; https://www.federalregister.gov/documents/2025/04/15/2025-06462/modifying-reciprocal-tariff-rates-to-reflect-trading-partner-retaliation-and-alignment,part of European Union (EU)
Portugal,20,paused,https://www.govinfo.gov/content/pkg/FR-2025-04-07/pdf/2025-06063.pdf; https://www.federalregister.gov/documents/2025/04/15/2025-06462/modifying-reciprocal-tariff-rates-to-reflect-trading-partner-retaliation-and-alignment,part of European Union (EU)
Qatar,10,unchanged,https://www.govinfo.gov/content/pkg/FR-2025-04-07/pdf/2025-06063.pdf; https://www.federalregister.gov/documents/2025/04/15/2025-06462/modifying-reciprocal-tariff-rates-to-reflect-trading-partner-retaliation-and-alignment,"Not mentioned in EO 14257 Annex I, so the universal 10% baseline applied from Apr 5, 2025. The Apr 9 suspension replaced Annex I rates with that same 10%, so this country's rate did not change."
Romania,20,paused,https://www.govinfo.gov/content/pkg/FR-2025-04-07/pdf/2025-06063.pdf; https://www.federalregister.gov/documents/2025/04/15/2025-06462/modifying-reciprocal-tariff-rates-to-reflect-trading-partner-retaliation-and-alignment,part of European Union (EU)
Russia,0,unchanged,https://www.govinfo.gov/content/pkg/FR-2025-04-07/pdf/2025-06063.pdf,Excluded from EO 14257 (HTS Column 2 country). No reciprocal tariff and no 10% baseline imposed.
Saudi Arabia,10,unchanged,https://www.govinfo.gov/content/pkg/FR-2025-04-07/pdf/2025-06063.pdf; https://www.federalregister.gov/documents/2025/04/15/2025-06462/modifying-reciprocal-tariff-rates-to-reflect-trading-partner-retaliation-and-alignment,"Not mentioned in EO 14257 Annex I, so the universal 10% baseline applied from Apr 5, 2025. The Apr 9 suspension replaced Annex I rates with that same 10%, so this country's rate did not change."
Serbia,37,paused,https://www.govinfo.gov/content/pkg/FR-2025-04-07/pdf/2025-06063.pdf; https://www.federalregister.gov/documents/2025/04/15/2025-06462/modifying-reciprocal-tariff-rates-to-reflect-trading-partner-retaliation-and-alignment,
Sierra Leone,10,unchanged,https://www.govinfo.gov/content/pkg/FR-2025-04-07/pdf/2025-06063.pdf; https://www.federalregister.gov/documents/2025/04/15/2025-06462/modifying-reciprocal-tariff-rates-to-reflect-trading-partner-retaliation-and-alignment,"Not mentioned in EO 14257 Annex I, so the universal 10% baseline applied from Apr 5, 2025. The Apr 9 suspension replaced Annex I rates with that same 10%, so this country's rate did not change."
Singapore,10,unchanged,https://www.govinfo.gov/content/pkg/FR-2025-04-07/pdf/2025-06063.pdf; https://www.federalregister.gov/documents/2025/04/15/2025-06462/modifying-reciprocal-tariff-rates-to-reflect-trading-partner-retaliation-and-alignment,"Not mentioned in EO 14257 Annex I, so the universal 10% baseline applied from Apr 5, 2025. The Apr 9 suspension replaced Annex I rates with that same 10%, so this country's rate did not change."
Slovakia,20,paused,https://www.govinfo.gov/content/pkg/FR-2025-04-07/pdf/2025-06063.pdf; https://www.federalregister.gov/documents/2025/04/15/2025-06462/modifying-reciprocal-tariff-rates-to-reflect-trading-partner-retaliation-and-alignment,part of European Union (EU)
Slovenia,20,paused,https://www.govinfo.gov/content/pkg/FR-2025-04-07/pdf/2025-06063.pdf; https://www.federalregister.gov/documents/2025/04/15/2025-06462/modifying-reciprocal-tariff-rates-to-reflect-trading-partner-retaliation-and-alignment,part of European Union (EU)
South Africa,30,paused,https://www.govinfo.gov/content/pkg/FR-2025-04-07/pdf/2025-06063.pdf; https://www.federalregister.gov/documents/2025/04/15/2025-06462/modifying-reciprocal-tariff-rates-to-reflect-trading-partner-retaliation-and-alignment,
South Korea,25,paused,https://www.govinfo.gov/content/pkg/FR-2025-04-07/pdf/2025-06063.pdf; https://www.federalregister.gov/documents/2025/04/15/2025-06462/modifying-reciprocal-tariff-rates-to-reflect-trading-partner-retaliation-and-alignment,
Spain,20,paused,https://www.govinfo.gov/content/pkg/FR-2025-04-07/pdf/2025-06063.pdf; https://www.federalregister.gov/documents/2025/04/15/2025-06462/modifying-reciprocal-tariff-rates-to-reflect-trading-partner-retaliation-and-alignment,part of European Union (EU)
Sri Lanka,44,paused,https://www.govinfo.gov/content/pkg/FR-2025-04-07/pdf/2025-06063.pdf; https://www.federalregister.gov/documents/2025/04/15/2025-06462/modifying-reciprocal-tariff-rates-to-reflect-trading-partner-retaliation-and-alignment,
Sweden,20,paused,https://www.govinfo.gov/content/pkg/FR-2025-04-07/pdf/2025-06063.pdf; https://www.federalregister.gov/documents/2025/04/15/2025-06462/modifying-reciprocal-tariff-rates-to-reflect-trading-partner-retaliation-and-alignment,part of European Union (EU)
Switzerland,31,paused,https://www.govinfo.gov/content/pkg/FR-2025-04-07/pdf/2025-06063.pdf; https://www.federalregister.gov/documents/2025/04/15/2025-06462/modifying-reciprocal-tariff-rates-to-reflect-trading-partner-retaliation-and-alignment,
Syria,41,paused,https://www.govinfo.gov/content/pkg/FR-2025-04-07/pdf/2025-06063.pdf; https://www.federalregister.gov/documents/2025/04/15/2025-06462/modifying-reciprocal-tariff-rates-to-reflect-trading-partner-retaliation-and-alignment,
Taiwan,32,paused,https://www.govinfo.gov/content/pkg/FR-2025-04-07/pdf/2025-06063.pdf; https://www.federalregister.gov/documents/2025/04/15/2025-06462/modifying-reciprocal-tariff-rates-to-reflect-trading-partner-retaliation-and-alignment,
Thailand,36,paused,https://www.govinfo.gov/content/pkg/FR-2025-04-07/pdf/2025-06063.pdf; https://www.federalregister.gov/documents/2025/04/15/2025-06462/modifying-reciprocal-tariff-rates-to-reflect-trading-partner-retaliation-and-alignment,
Tunisia,28,paused,https://www.govinfo.gov/content/pkg/FR-2025-04-07/pdf/2025-06063.pdf; https://www.federalregister.gov/documents/2025/04/15/2025-06462/modifying-reciprocal-tariff-rates-to-reflect-trading-partner-retaliation-and-alignment,
Turkey,10,unchanged,https://www.govinfo.gov/content/pkg/FR-2025-04-07/pdf/2025-06063.pdf; https://www.federalregister.gov/documents/2025/04/15/2025-06462/modifying-reciprocal-tariff-rates-to-reflect-trading-partner-retaliation-and-alignment,"Not mentioned in EO 14257 Annex I, so the universal 10% baseline applied from Apr 5, 2025. The Apr 9 suspension replaced Annex I rates with that same 10%, so this country's rate did not change."
Ukraine,10,unchanged,https://www.govinfo.gov/content/pkg/FR-2025-04-07/pdf/2025-06063.pdf; https://www.federalregister.gov/documents/2025/04/15/2025-06462/modifying-reciprocal-tariff-rates-to-reflect-trading-partner-retaliation-and-alignment,"Not mentioned in EO 14257 Annex I, so the universal 10% baseline applied from Apr 5, 2025. The Apr 9 suspension replaced Annex I rates with that same 10%, so this country's rate did not change."
United Arab Emirates,10,unchanged,https://www.govinfo.gov/content/pkg/FR-2025-04-07/pdf/2025-06063.pdf; https://www.federalregister.gov/documents/2025/04/15/2025-06462/modifying-reciprocal-tariff-rates-to-reflect-trading-partner-retaliation-and-alignment,"Not mentioned in EO 14257 Annex I, so the universal 10% baseline applied from Apr 5, 2025. The Apr 9 suspension replaced Annex I rates with that same 10%, so this country's rate did not change."
United Kingdom,10,unchanged,https://www.govinfo.gov/content/pkg/FR-2025-04-07/pdf/2025-06063.pdf; https://www.federalregister.gov/documents/2025/04/15/2025-06462/modifying-reciprocal-tariff-rates-to-reflect-trading-partner-retaliation-and-alignment,"Not mentioned in EO 14257 Annex I, so the universal 10% baseline applied from Apr 5, 2025. The Apr 9 suspension replaced Annex I rates with that same 10%, so this country's rate did not change."
Uruguay,10,unchanged,https://www.govinfo.gov/content/pkg/FR-2025-04-07/pdf/2025-06063.pdf; https://www.federalregister.gov/documents/2025/04/15/2025-06462/modifying-reciprocal-tariff-rates-to-reflect-trading-partner-retaliation-and-alignment,"Not mentioned in EO 14257 Annex I, so the universal 10% baseline applied from Apr 5, 2025. The Apr 9 suspension replaced Annex I rates with that same 10%, so this country's rate did not change."
Vanuatu,22,paused,https://www.govinfo.gov/content/pkg/FR-2025-04-07/pdf/2025-06063.pdf; https://www.federalregister.gov/documents/2025/04/15/2025-06462/modifying-reciprocal-tariff-rates-to-reflect-trading-partner-retaliation-and-alignment,
Venezuela,15,paused,https://www.govinfo.gov/content/pkg/FR-2025-04-07/pdf/2025-06063.pdf; https://www.federalregister.gov/documents/2025/04/15/2025-06462/modifying-reciprocal-tariff-rates-to-reflect-trading-partner-retaliation-and-alignment,
Vietnam,46,paused,https://www.govinfo.gov/content/pkg/FR-2025-04-07/pdf/2025-06063.pdf; https://www.federalregister.gov/documents/2025/04/15/2025-06462/modifying-reciprocal-tariff-rates-to-reflect-trading-partner-retaliation-and-alignment,
Zambia,17,paused,https://www.govinfo.gov/content/pkg/FR-2025-04-07/pdf/2025-06063.pdf; https://www.federalregister.gov/documents/2025/04/15/2025-06462/modifying-reciprocal-tariff-rates-to-reflect-trading-partner-retaliation-and-alignment,
Zimbabwe,18,paused,https://www.govinfo.gov/content/pkg/FR-2025-04-07/pdf/2025-06063.pdf; https://www.federalregister.gov/documents/2025/04/15/2025-06462/modifying-reciprocal-tariff-rates-to-reflect-trading-partner-retaliation-and-alignment,
