ticker,conm,naics3,imp_intensity,import_reliance,source_countries,finished_vs_input,tariff_language,quote,url
SKX,SKECHERS U S A INC,316,0.068876779,High,"China, Vietnam, Asia",Finished goods,1,"import_reliance [Item 1A, Intl Sales & Mfg risk factor, p.8]: ""Substantially all our sales during the year ended December 31, 2024 were derived from sales of footwear manufactured in foreign countries, with most manufactured in China and Vietnam."" || source_countries [Item 1A, p.8]: ""In particular, because most of our products are manufactured in China and Vietnam, the possibility of adverse changes in trade or political relations with China or Vietnam, political instability in China or Vietnam, increases in labor costs, the occurrence of prolonged adverse weather conditions or a natural disaster such as an earthquake or typhoon in China or Vietnam, or the outbreak of a pandemic disease in China or Vietnam could severely interfere with the manufacturing and/or shipment of our products and would have a material adverse effect on our operations."" || finished_vs_input [Item 1, Sourcing and Manufacturing, p.4]: ""Our products are produced by independent contract manufacturers located primarily in Asia. We do not own or operate any manufacturing facilities."" || tariff_language [Item 1A, Duties/Tariffs risk factor, p.10]: ""Our products manufactured overseas and imported into the U.S., the European Union (“EU”) and other countries are subject to customs duties.""",https://www.sec.gov/Archives/edgar/data/1065837/000095017025030016/skx-20241231.htm
AVO,MISSION PRODUCE INC,424,0.023337712,High,"Mexico, Peru, Colombia, Guatemala, South Africa, Chile",Finished goods,1,"import_reliance [Item 1A, Intl operations risk factor, p.5; also Item 1 international planted-acreage table, p.2, totalling 13,400 acres in Peru, Guatemala and Colombia]: ""We conduct a substantial amount of business internationally, including: doing business with growers and customers who are located outside the United States; purchasing fruit from growers and packers in Mexico and other countries; owning or leasing thousands of acres of farms in other countries, operating sales, packing and/or distribution facilities in Peru, Mexico, and other international regions, having foreign joint ventures such as in Colombia, China, and South Africa, and selling products to foreign customers."" || source_countries [Item 1, Resources, p.2]: ""We source avocados primarily from Mexico, Peru, and California, as well as Colombia, Guatemala, South Africa, Chile, and other locations."" || finished_vs_input [Item 1, p.1]: ""We primarily source, produce, pack and distribute avocados."" || tariff_language [Item 1A, U.S. trade policy risk factor, p.10]: ""The U.S. has instituted or proposed changes in trade policies that include the negotiation or termination of trade agreements, the imposition of higher tariffs on imports into the U.S., economic sanctions on individuals, corporations or countries, and other government regulations affecting trade between the U.S. and other countries where we conduct our business.""",https://www.sec.gov/Archives/edgar/data/1802974/000180297424000053/avo-20241031.htm
REZI,RESIDEO TECHNOLOGIES,423,0.023337712,Medium,"Mexico, Czechia, Hungary, Germany, United Kingdom, Netherlands, China, Asia, Taiwan, Southeast Asia",Both,1,"import_reliance [Item 1, Manufacturing, p.4]: ""A significant percentage of our Products and Solutions revenue is derived from products manufactured in our own facilities, with the remainder being “buy to sell” (finished products purchased directly from other manufacturers) or sourced from third-party contract manufacturers."" || source_countries [Item 1, Manufacturing, p.4; and Item 1A, Snap One risk factor, p.11]: ""Our Products and Solutions business operates manufacturing and distribution facilities throughout the world, including sites in Mexico, the Czech Republic, Hungary, the United States (“U.S.”), Germany, the United Kingdom, Netherlands, and China."" ... ""A significant percentage of our exclusive branded products are sourced with manufacturers located in Asia."" ... ""The Snap One business also relies heavily on suppliers located in China, Taiwan and Southeast Asia for supply of their exclusive brands"" || finished_vs_input [Item 1A, trade barriers risk factor, p.14]: ""We and our distribution business suppliers import goods, components, and materials into the United States from some of the regions where such tariffs may apply."" || tariff_language [Item 1A, trade barriers risk factor, p.14]: ""If tariffs, trade restrictions or trade barriers are expanded, increased, or interpreted by a court or governmental agency to apply to more of our products, then our exposure to future taxes and duties on such imported products and components could be significant and could have a material effect on our financial results and we may be required to raise prices on certain imported products and services.""",https://www.sec.gov/Archives/edgar/data/1740332/000174033225000010/rezi-20241231.htm
SITE,SITEONE LANDSCAPE SUPPLY INC,423,0.023337712,Low,not found,Finished goods,1,"import_reliance [Item 1, Products, p.8]: ""In 2024, we launched a line of premium imported natural stone under our Solstice® brand."" || source_countries [not found]: """" || finished_vs_input [Item 1, p.4]: ""We are the largest and only national full product line wholesale distributor of landscape supplies in the United States and have a growing presence in Canada."" || tariff_language [Item 1A, p.18]: ""Changes in prices for the products that we purchase, including, for example, as a result of changes to trade agreements or policies that result in increased tariffs on goods imported into the United States, affect our Net sales and Cost of goods sold, as well as our working capital requirements, levels of debt, and financing costs.""",https://www.sec.gov/Archives/edgar/data/1650729/000165072925000004/site-20241229.htm
COTY,COTY INC,325,0.1076241890663283,Medium,"Brazil, China, France, Spain, United Kingdom, Monaco",Both,1,"import_reliance [Item 1, Supply Chain, p.3]: ""During fiscal year 2024, we continued to manufacture and package approximately 79% of our products, primarily in facilities located in the United States, Brazil, China and various countries in Europe."" || source_countries [Item 1, Supply Chain, p.3; and Item 2, Properties principal-facilities table, p.29]: ""During fiscal year 2024, we continued to manufacture and package approximately 79% of our products, primarily in facilities located in the United States, Brazil, China and various countries in Europe."" ... ""The following table sets forth our principal owned and leased corporate, manufacturing and research and development facilities as of June 30, 2024."" ... ""Senador Canedo, Brazil (owned) Manufacturing Consumer Beauty"" ... ""Wujiang, China (owned) Manufacturing Consumer Beauty"" ... ""Chartres, France (owned) Manufacturing Prestige"" ... ""Granollers, Spain (owned) Manufacturing Prestige"" ... ""Ashford, England (land leased, building owned) Manufacturing Consumer Beauty"" ... ""Monaco, Monaco (leased) Manufacturing /R&D Prestige"" || finished_vs_input [Item 1, Supply Chain, p.3; and Item 1A, p.21]: ""To capitalize on innovation and other supply chain benefits, we continue to utilize a network of third-party manufacturers on a global basis who produce approximately 21% of our finished products."" ... ""the tariffs imposed by the U.S. on goods and materials from China are impacting materials we import for use in manufacturing or packaging in the U.S."" || tariff_language [Item 1A, p.21]: ""Similarly, the tariffs imposed by the U.S. on goods and materials from China are impacting materials we import for use in manufacturing or packaging in the U.S.""",https://www.sec.gov/Archives/edgar/data/1024305/000102430524000035/coty-20240630.htm
IFSIA,INTERFACE INC,314,0.1060891267105179,Medium,South Korea,Inputs,1,"import_reliance [Item 1, Manufacturing and Raw Materials, p.6]: ""Our raw materials are generally available from multiple sources — both regionally and globally — with the exception of synthetic fiber (nylon yarn). For yarn, we principally rely upon two major global suppliers, but we also have significant relationships with at least two other suppliers."" || source_countries [Item 1A, p.14]: ""we do not have the capability to manufacture our own fiber for use in our carpet products or our own LVT."" ... [Item 1A, p.14]: ""We depend on a small number of third-party suppliers of synthetic fiber and are largely dependent upon a primary supplier for our LVT products."" ... [Item 1A, p.14]: ""The primary manufacturing facility of our primary supplier of LVT is located in South Korea."" || finished_vs_input [Item 1, Manufacturing and Raw Materials, p.6]: ""Our global sourcing strategy, including with respect to our principal yarn suppliers and dual polymer manufacturing capability, allows us to help guard against any potential shortages of raw materials or raw material suppliers in a specific polymer supply chain."" || tariff_language [Item 1A, p.13]: ""Large increases in the cost of our raw materials, shipping costs, duties or tariffs could adversely affect us if we are unable to pass""",https://www.sec.gov/Archives/edgar/data/715787/000071578725000006/tile-20241229.htm
NOSH,HAIN CELESTIAL GROUP INC,311,0.053752598,Medium,Canada,Inputs,0,"import_reliance [Item 1, Suppliers of Ingredients and Packaging, p.9]: ""Our raw materials and packaging materials are obtained from various suppliers around the world."" || source_countries [Item 1, p.8]: ""Vancouver, British Columbia, which produces Yves Veggie Cuisine® plant-based snacks and meals"" ... ""Mississauga, Ontario, which produces Live Clean®, Alba Botanica®, Avalon Organics®, and JASON® personal care products."" || finished_vs_input [Item 1, Suppliers of Ingredients and Packaging, p.9]: ""Agricultural commodities and ingredients, including vegetables, fruits, oils, grains, beans, nuts, tea and herbs, spices, and dairy"" || tariff_language [Item 1A, p.14] ""tariffs, quotas, trade barriers or sanctions, other trade protection measures and import or export licensing requirements imposed by governments that might negatively affect our sales, including, but not limited to, Canadian and European Union tariffs imposed on certain U.S. food and beverages""",https://www.sec.gov/Archives/edgar/data/910406/000095017024100992/hain-20240630.htm
CGEM,CULLINAN THERAPEUTICS INC,325,0.1076241890663283,Medium,"China, EU, Asia",Inputs,1,"import_reliance [Item 1, Manufacturing, p.14]: ""We utilize a global network of manufacturers for our programs in development, with vendors located in North America, Europe, and Asia."" || source_countries [Item 1, p.14; and Item 1A, p.77]: ""We utilize a global network of manufacturers for our programs in development, with vendors located in North America, Europe, and Asia."" ... ""In addition, for any activities conducted in China, we are exposed to the possibility of product supply disruption and increased costs in the event of changes in the policies of the U.S. or Chinese governments"" ... ""our manufacturing service arrangements with WuXi AppTec or WuXi Biologics"" || finished_vs_input [Item 1, Manufacturing, p.14]: ""We contract with contract manufacturing organizations ('CMOs') to receive materials manufactured for preclinical testing, as well as clinical supply material manufactured in compliance with current GMP requirements ('cGMPs')."" || tariff_language [Item 1A, p.77]: ""Any unfavorable government policies on international trade, such as export controls, capital controls or tariffs, new legislation or regulations, renegotiation of existing trade agreements, or any retaliatory trade actions due to recent trade tension, may impede, delay, limit, or increase the cost of manufacturing our product candidates""",https://www.sec.gov/Archives/edgar/data/1789972/000095017025028346/cgem-20241231.htm
RLAY,RELAY THERAPEUTICS INC,325,0.1076241890663283,Medium,not found,Inputs,1,"import_reliance [Item 1A, p.42; and Item 1, p.18]: ""We currently rely on foreign CMOs for the manufacture of certain of our product candidates for preclinical development and clinical testing and will likely continue to do so in the future."" ... ""We do not have any manufacturing facilities or personnel."" || source_countries [not found]: """" || finished_vs_input [Item 1, p.18]: ""All of our drug candidates are small molecules and are manufactured in synthetic processes from available or custom-made starting materials."" || tariff_language [Item 1A, p.50]: ""For example, on February 1, 2025, the U.S. imposed a 25% tariff on imports from Canada and Mexico, which were subsequently suspended for a period of one month, and a 10% additional tariff on imports from China.""",https://www.sec.gov/Archives/edgar/data/1812364/000095017025027756/rlay-20241231.htm
CME,CME GROUP INC,523,0.07506627,None,not found,not found,0,"import_reliance [None]: """" || source_countries [not found]: """" || finished_vs_input [not found]: """" || tariff_language [0]: """"",https://www.sec.gov/Archives/edgar/data/1156375/000115637525000021/cme-20241231.htm
STBK,STATE STREET CORP,523,0.07506627,None,not found,not found,0,"import_reliance [None]: """" || source_countries [not found]: """" || finished_vs_input [not found]: """" || tariff_language [0]: """"",https://www.sec.gov/Archives/edgar/data/93751/000009375125000111/stt-20241231.htm
JHG,JANUS HENDERSON GROUP PLC,523,0.07506627,None,not found,not found,0,"import_reliance [None]: """" || source_countries [not found]: """" || finished_vs_input [not found]: """" || tariff_language [0]: """"",https://www.sec.gov/Archives/edgar/data/1274173/000143774925005488/jhg20241231_10k.htm
GBX,GREENBRIER COS INC (THE),336,0.1626785892913838,Medium,"Mexico, Brazil, Poland, Romania",Inputs,1,"import_reliance [Item 1A, p.19]: ""We own, lease, operate or have invested in businesses that have manufacturing facilities in Mexico, Brazil and Europe, and have customers and suppliers located outside the United States."" || source_countries [Item 2, Properties, p.28; and Item 1A, p.19]: ""3 locations in Mexico"" ... ""3 locations in Poland"" ... ""3 locations in Romania"" ... ""We own, lease, operate or have invested in businesses that have manufacturing facilities in Mexico, Brazil and Europe, and have customers and suppliers located outside the United States."" || finished_vs_input [Item 1, p.4]: ""Through unconsolidated affiliates we produce rail and industrial components and have an ownership stake in a railcar manufacturer in Brazil."" || tariff_language [Item 1A, p.20]: ""which we do business, as well as any embargoes, quotas or tariffs imposed on our products and services, could adversely and""",https://www.sec.gov/Archives/edgar/data/923120/000095017024117047/gbx-20240831.htm
XYL,XYLEM INC,333,0.1205635048086465,Medium,"Sweden, Italy, Hungary, Poland, Germany, China, India, United Arab Emirates, Mexico, Canada, Latin America",Inputs,1,"import_reliance [Item 1, Supply and Seasonality, p.10]: ""We have a global manufacturing and assembly footprint, with production facilities in Europe, North America, Latin America, Asia and the Middle East."" || source_countries [Item 1, p.10; and Item 1A, p.17]:  ""We have a large and complex network of suppliers (and their suppliers) and contract manufacturers globally, including in China and Mexico. The U.S. has enacted or threatened various trade actions, including new or additional tariffs on certain goods we import from China, Mexico, Canada and other countries"" ... ""We have a global manufacturing and assembly footprint, with production facilities in Europe, North America, Latin America, Asia and the Middle East."" || finished_vs_input [Item 1, p.10]: ""Parts and raw materials commonly used in our products include motors, fabricated parts, castings, magnets, bearings, seals, batteries, printed circuit boards (PCBs) and electronic components, including semiconductors"" || tariff_language [Item 1, p.10]: ""we are still exposed to pricing risk, including due to duty and tariff assessments by the U.S. or other governments on foreign imports.""",https://www.sec.gov/Archives/edgar/data/1524472/000152447225000013/xyl-20241231.htm
ALMO,ALAMO GROUP INC,333,0.1205635048086465,Medium,"France, United Kingdom, Netherlands, Canada, Brazil, Australia",Inputs,1,"import_reliance [Item 1, p.12]: ""The Company sources its purchased goods from international and domestic suppliers. No one supplier is responsible for supplying more than 10% of the principal raw materials or purchased goods used by the Company."" || source_countries [Item 2, Properties, facilities table, p.29]: ""As of February 21, 2025, the Company utilized twenty-seven principal manufacturing plants with fifteen located in the United States, eight in Europe, three in Canada, and one in Brazil. The facilities are listed below: ..."" || finished_vs_input [Item 1, p.11]: ""The principal raw materials used by the Company include steel, other metal components, hydraulic hoses, paint and"" || tariff_language [Item 1, p.15]: ""changes to global trade policies, tariffs, trade sanctions, and investment restrictions""",https://www.sec.gov/Archives/edgar/data/897077/000089707725000007/alg-20241231.htm
,TIMKEN CO,332,0.071578448,Medium,"China, India, Romania, Italy, Netherlands",Inputs,1,"import_reliance [Item 1, Sources and Availability of Raw Materials, p.5]: ""SBQ steel and steel components are produced around the world by various suppliers."" || source_countries [Item 2, Properties, p.19; and Note 4, p.59]: ""The facilities are situated in the United States, as well as 44 other countries, including China, India, and Romania."" ... ""Based in Italy, Nadella employs approximately 450 people and operates manufacturing facilities in Europe and China"" ... ""Lagersmit, a Netherlands- based manufacturer of highly engineered sealing solutions"" || finished_vs_input [Item 1, p.5]: ""The Company also purchases a variety of materials and components to produce industrial motion products, such as non-SBQ steel, synthetic rubber, fabrics, castings and plastics. The Company sources these components from various suppliers in the world market."" || tariff_language [Item 1A, p.12]: ""The U.S. government has imposed tariffs on certain foreign goods, including steel and other raw materials as well as""",https://www.sec.gov/Archives/edgar/data/98362/000009836225000055/tkr-20241231.htm
HSAC,IMMUNOVANT INC,325,0.1076241890663283,Medium,South Korea,Inputs,1,"import_reliance [Item 1A, p.57 and Item 1, p.23]: ""We currently and expect to continue to engage in contract manufacturing, conduct clinical trials, and perform laboratory research activities outside the U.S., including in Asia. Any disruption in production or inability of our manufacturers in Asia to produce adequate quantities to meet our needs could impair our ability to operate our business on a day-to-day basis"" ... ""We do not currently own or operate manufacturing facilities for the manufacturing, testing, storage, and distribution of clinical or commercial quantities of either IMVT-1402 or batoclimab."" ||source_countries [Item 1A, p.66; and Item 1, Product Service Agreement and Master Services Agreement, p.22]: ""For example, any manufacturing supply interruption of batoclimab, which is currently manufactured at facilities in the U.S. and in South Korea, or IMVT-1402 or any future product candidates, could adversely affect our ability to conduct clinical trials of batoclimab, IMVT-1402 and any future product candidates."" ... ""pursuant to which Samsung will manufacture and supply us with batoclimab drug substance for commercial sale, if approved, and perform other manufacturing-related services with respect to batoclimab."" || finished_vs_input [Item 1, p.23]: ""We currently rely and intend to continue to rely on contract manufacturing organizations ('CMOs'), for both drug substance and drug product, and labeling, packaging and distribution."" || tariff_language [Item 1A, p.57]: ""A portion of our manufacturing, laboratory research, and clinical trial activities takes place in Asia."" ... ""A significant disruption in that region, such as a trade war or political unrest, could materially adversely affect our business, financial condition, and results of operations."" ... ""In particular, trade tensions and conflict between the United States and China remain high, and could result in changes to the laws, rules, regulations, and policies of the governments of the United States or China that impact the ability of U.S. biotechnology companies to partner with entities in China."" ... ""We are, thus, exposed to the possibility of product supply disruption, clinical trial delays, and increased costs in the event of changes in governmental policies, political unrest or unstable economic conditions in Asia.""",https://www.sec.gov/Archives/edgar/data/1764013/000176401324000109/imvt-20240331.htm
TMST,METALLUS INC,331,0.1564283207466237,None,not found,not found,0,"import_reliance [None]: """" || source_countries [not found]: """" || finished_vs_input [not found]: """" || tariff_language [Item 1A, p.11]: ""Over the past several years, the United States government has implemented tariffs, duties, and quotas for certain steel products imported from a number of countries into the United States."" ... ""As these tariffs, duties, and quotas expire or are further relaxed or repealed, it could result in substantial imports of foreign steel and create downward pressure on United States steel prices and the overall industry. This could have a material adverse effect on our operations and financial condition.""",https://www.sec.gov/Archives/edgar/data/1598428/000095017025029085/mtus-20241231.htm
NOI,NOV INC,333,0.1205635048086465,Medium,"Mexico, Canada, China, Brazil, Saudi Arabia, United Arab Emirates, Malaysia, Singapore, United Kingdom, Denmark",Inputs,1,"import_reliance [Item 1, Raw Materials, p.9]: ""The Company believes that materials and components used in its operations are generally available from multiple sources. The prices paid by the Company for its raw materials may be affected by, among other things, energy, steel, and other commodity prices; tariffs and duties on imported materials; and foreign currency exchange rates."" || source_countries [Item 2, Properties, principal-facilities table, p.25; and Item 1A, p.19]: ""Veracruz, Mexico Manufacturing Facility of Tool Joints, Warehouse & Administrative Offices Owned"" ... ""Dubai, UAE Manufacturing Facility of Downhole Tools, Distribution Warehouse Leased"" ... ""Senai, Malaysia Manufacturing Facility of Fiber Glass Products Owned*"" ... ""Qingdau, Shandong, China Manufacturing of fiber-reinforced tubular products Leased"" ... ""Dammam, Saudi Arabia Manufacturing of fiberglass products Leased"" ... ""Al Jubail, Saudi Arabia Manufacturer and Service of Drilling Rigs and Equipment Leased"" ... ""Singapore Manufacturing, Repairs, Service, Field Service/Training, Administrative & Sales Offices Leased"" ... ""Kintore, Aberdeenshire, Scotland, UK Manufacturing & Servicing of Elmar, ASEP and Anson Equipment Leased"" ... ""Kalundborg, Denmark Flexibles Manufacturing, Warehouse, Shop & Administrative Offices Owned"" ... ""Superporto du Acu, Brazil Flexibles Manufacturing, Warehouse, Shop & Administrative Offices Owned*"" ... ""Our supply chain is integrated through numerous countries, with significant trade into and out of many jurisdictions, including the U.S., Mexico, Canada, the EU and China."" || finished_vs_input [Item 1, p.2]: ""NOV’s global leadership and footprint, spanning almost every major oil and gas market, provide the Company with economies of scale, enabling a unique global supply chain, which allows materials procurement from lower-cost sources."" || tariff_language [Item 1A, p.13]: ""the imposition of tariffs or duties between countries, which could materially affect our global supply chain. For example, section 232 tariffs on steel may increase our costs, reduce margins or otherwise adversely affect the Company""",https://www.sec.gov/Archives/edgar/data/1021860/000095017025021042/nov-20241231.htm
GPRE,GREEN PLAINS INC,325,0.1076241890663283,None,not found,not found,0,"import_reliance [Item 1, p.9]: ""Our corn supply is obtained primarily from local markets. We use cash and forward purchase contracts with grain producers and elevators to buy corn. We maintain direct relationships with local farmers, grain elevators and cooperatives, which serve as our primary sources of grain feedstock for all ten of our ethanol plants."" || source_countries [not found]: """" || finished_vs_input [not found]: """"|| tariff_language [Item 1A, p.14 and p.21]: ""Imported ethanol is not subject to an import tariff and, under the RFS, sugarcane ethanol from Brazil can be used as a means for obligated parties to meet the advanced biofuel standard"" ... ""Additionally, tariffs on U.S. ethanol may lead to further industry over-supply and reduce our profitability.""",https://www.sec.gov/Archives/edgar/data/1309402/000130940225000008/gpre-20241231.htm
AMPH,AMPHASTAR PHARMACEUTICLS INC,325,0.1076241890663283,Medium,"China, France, Asia, EU",Inputs,1,"import_reliance [Item 1A, p.62]: ""We have operations both inside and outside the U.S. For example, we have suppliers in Asia and Europe, and we own manufacturing facilities in Nanjing, China, and Éragny-sur-Epte, France."" || source_countries [Item 1A, p.61 and p.62]: ""We currently manufacture the starting material for Amphadase® and enoxaparin as well as the APIs for isoproterenol, nitroprusside, and medroxyprogesterone at our manufacturing facility in China"" ... ""we have suppliers in Asia and Europe, and we own manufacturing facilities in Nanjing, China, and Éragny-sur-Epte, France"" || finished_vs_input [Item 1A, p.62]: ""Any material adverse effect on our employees, suppliers, and logistics providers could have a material adverse effect on our manufacturing operations in China or the supply of raw materials or APIs originating from China."" || tariff_language [Item 1A, p.61]: ""Because a portion of our manufacturing takes place in China, a significant disruption in the construction or operation of our manufacturing facility in China, political unrest in China, tariffs, impacts of outbreaks of health epidemics, or changes in social, political, trade, health, economic, environmental, or climate-related conditions or in laws, regulations and policies governing foreign trade could materially and adversely affect our business, financial condition and results of operations.""",https://www.sec.gov/Archives/edgar/data/1297184/000129718425000008/amph-20241231x10k.htm
MRVL,MARVELL TECHNOLOGY INC,334,0.062787938,High,"Taiwan, Canada, South Korea, Singapore, China",Finished goods,1,"import_reliance [Item 1, p.9; and Item 1A, p.19]: ""We typically outsource all product packaging and testing requirements for our products in production to several assembly and test subcontractors primarily located in Taiwan, Canada, Korea, Singapore and China."" ... ""By outsourcing manufacturing, we are able to avoid the cost associated with owning and operating our own manufacturing facilities."" ... ""because we do not operate our own manufacturing, assembly, testing or packaging facilities, we are not able to reduce our costs as rapidly as companies that operate their own facilities"" || source_countries [Item 1, Assembly and Test, p.9]: ""We typically outsource all product packaging and testing requirements for our products in production to several assembly and test subcontractors primarily located in Taiwan, Canada, Korea, Singapore and China."" || finished_vs_input [Item 1, p.9]: ""The vast majority of our integrated circuits are fabricated using available CMOS processes, which is intended to provide greater flexibility to engage independent foundries to manufacture integrated circuits at lower costs."" || tariff_language [Item 1A, p.19]: ""Our margin could also be impacted for example by the following factors: increased costs (including increased costs caused by tariffs, inflation, higher interest rates, or supply chain constraints)""",https://www.sec.gov/Archives/edgar/data/1835632/000183563225000057/mrvl-20250201.htm
WAT,WATERS CORP,334,0.062787938,Medium,"Singapore, Ireland, United Kingdom, Germany, India, Asia",Both,1,"import_reliance [Item 1, p.8]: ""The Company currently assembles a portion of its LC instruments at its facility in Milford, Massachusetts, where it performs machining, assembly and testing."" ... ""In addition, the Company outsources the manufacturing of certain LC instrument systems and components to well-established contract manufacturing firms in Singapore."" || source_countries [Item 1A, p.25; and Item 1, p.8]: ""The Company’s manufacturing facilities are located in the U.S., U.K., Ireland and Germany. In addition, the Company manufactures a growing percentage of its HPLC, UPLC and MS products in both Singapore and Ireland."" ... ""The Company manufactures and distributes its MS products at its facilities in Wilmslow, England and Wexford, Ireland."" ... ""The Company’s Singapore entity is ISO 9001:2015 certified and manages all Asian outsourced manufacturing as well as the distribution of all products from Asia."" || finished_vs_input [Item 1, p.8]: ""the Company outsources the manufacturing of certain LC instrument systems and components to well-established contract manufacturing firms in Singapore"" || tariff_language [Item 1A, p.19]: ""In addition, price increases from these suppliers, including as a result of any imposed tariffs, could have an adverse effect on the Company’s margins.""",https://www.sec.gov/Archives/edgar/data/1000697/000119312525034579/d791800d10k.htm
,PEPSICO INC,312,0.053752598,Medium,"Ireland, Singapore, Uruguay",Inputs,1,"import_reliance [Item 1, Ingredients and Other Supplies, p.6]: ""Many of these ingredients, raw materials and commodities are purchased in the open market."" ... ""In addition, risk to our supply of certain raw materials is mitigated through purchases from multiple geographies and suppliers."" || source_countries [Item 2, Properties, significant-properties-by-division table, p.28; and Item 1, p.2]: ""Significant properties by division are as follows:"" ... ""PBNA, Europe, AMESA Two concentrate plants Cork, Ireland Owned"" ... ""PBNA, AMESA, APAC Concentrate plant Singapore Owned"" ... ""PBNA, LatAm Concentrate plant Colonia, Uruguay Owned"" ... ""The land on which these properties are located is leased."" ... ""PepsiCo Beverages North America (PBNA), which includes our beverage businesses in the United States and Canada"" || finished_vs_input [Item 1, p.5]: ""The principal ingredients we use in our beverage and convenient food products are acesulfame potassium, aspartame, corn, corn sweeteners, flavorings, flour, juice concentrates, nuts, oats, potatoes, raw milk, rice,"" || tariff_language [Item 1A, p.16]: ""governmental incentives and controls and import/export restrictions, such as new, expanded or retaliatory tariffs, sanctions, quotas or trade barriers (including recent U.S. tariffs imposed or threatened to be imposed on China, Canada and Mexico and other countries and any retaliatory actions taken by such countries)""",https://www.sec.gov/Archives/edgar/data/77476/000007747625000007/pep-20241228.htm
PRCT,PROCEPT BIOROBTCS CORP,339,0.052330023,Medium,not found,Inputs,1,"import_reliance [Item 1A, p.43; and Item 1, p.16]: ""We, our suppliers and our customers import certain raw materials, components and other products from foreign suppliers. Therefore, increased tariffs could increase the cost of our products and the components and raw materials that go into making them."" ... ""Components, sub-assemblies and services required to manufacture our products are purchased from numerous global suppliers."" || source_countries [not found]: """" || finished_vs_input [Item 1, p.16]: ""We directly manufacture our robotic systems, the handpiece and other accessories at our facility in San Jose, California."" ... ""We rely on third-party suppliers, almost all of whom are single source suppliers, to provide us with certain components, sub-assemblies and materials for our products."" || tariff_language [Item 1A, p.43]: ""Changes in United States trade policy, including the imposition of tariffs and the resulting consequences, may have a material adverse impact on our business and results of operations.""",https://www.sec.gov/Archives/edgar/data/1588978/000158897825000007/prct-20241231.htm
WING,WINGSTOP INC,722,0.029710716,None,not found,not found,0,"import_reliance [Item 1, Suppliers and Distribution, p.7]: ""Our chicken supply is diversified both geographically and with a broad range of suppliers supporting the Wingstop system."" ... ""All food items and packaging goods for Wingstop restaurants in the U.S. are currently supplied through one distributor."" || source_countries [not found]: """" || finished_vs_input [not found]: """" || tariff_language [0]: """"",https://www.sec.gov/Archives/edgar/data/1636222/000163622225000008/wing-20241228.htm
CTAS,CINTAS CORP,812,0.026147238,Medium,not found,Both,1,"import_reliance [Item 1A, p.8]: ""Our ability to find qualified suppliers who meet our standards, and to access products in a timely and efficient manner, is a significant challenge, especially with respect to suppliers located and goods sourced outside the U.S."" || source_countries [not found]: """" || finished_vs_input [Item 1, Sourcing, p.4]: ""Cintas sources finished products from many outside suppliers."" ... ""In addition to sourcing from third-party suppliers, Cintas operates five manufacturing facilities that provide for standard uniform needs. Cintas purchases fabric, used in the manufacturing of its products, from several suppliers."" || tariff_language [Item 1A, p.9]: ""In addition, U.S. and foreign trade policies, tariffs and other impositions on imported goods, trade sanctions imposed on certain countries, the limitation on the importation of certain types of goods or of goods containing certain materials from other countries and other factors relating to foreign trade are beyond our control.""",https://www.sec.gov/Archives/edgar/data/723254/000072325424000036/ctas-20240531.htm
,DUKE ENERGY CORP,221,0.019867283,None,not found,not found,1,"import_reliance [None]: """" || source_countries [not found]: """"|| finished_vs_input [not found]: """" || tariff_language [Item 1A, p.25 and p.26]: ""Rapidly rising prices as a result of inflation, tariffs, or other factors may impact the ability of the Company to recover costs timely or execute on its business strategy including the achievement of growth objectives."" ... ""economic and demographic conditions, such as inflation, tariffs, and interest rate volatility""",https://www.sec.gov/Archives/edgar/data/1326160/000132616025000072/duk-20241231.htm
JBHT,HUNT (JB) TRANSPRT SVCS INC,484,0.014970887,Low,not found,Inputs,1,"import_reliance [Forward-looking statements, p.2; and Item 1A, p.8]: ""disruptions in the procurement of domestic or imported revenue equipment"" ... ""Rapid changes in government or political policies, including border or trade policies and tariffs, can also impact our customers operations and reduce their need for freight shipping, or may have an impact on the cost or availability of our equipment."" || source_countries [not found]: """" || finished_vs_input [Item 1A, p.9]: ""We regularly purchase new revenue equipment, including trucks, chassis and trailing equipment, in each of our operating segments to expand our fleets and replace aging equipment."" || tariff_language [Item 1A, p.8]: ""Rapid changes in government or political policies, including border or trade policies and tariffs, can also impact our customers operations and reduce their need for freight shipping, or may have an impact on the cost or availability of our equipment.""",https://www.sec.gov/Archives/edgar/data/728535/000143774925004736/jbht20241231d_10k.htm
CDC,W P CAREY INC,531,0.004481439,None,not found,not found,1,"import_reliance [None]: """" || source_countries [not found]: """" || finished_vs_input [not found]: """"|| tariff_language [Item 1A, page 9 of 146]: ""including the imposition of tariffs, trade barriers or other protectionist actions""",https://www.sec.gov/Archives/edgar/data/1025378/000102537825000031/wpc-20241231.htm
MHS,HOST HOTELS & RESORTS INC,531,0.004481439,None,not found,not found,1,"import_reliance [None]: """" || source_countries [not found]: """" || finished_vs_input [not found]: """" || tariff_language [Item 1A, p.19]: ""global growth, or trade tensions and proposed tariffs between the United States and its trading partners such as China,""",https://www.sec.gov/Archives/edgar/data/1070750/000107075025000071/hst-20241231.htm
UMSB,UMB FINANCIAL CORP,522,0.008984585,None,not found,not found,1,"import_reliance [None]: """" || source_countries [not found]:"""" || finished_vs_input [not found]: """" || tariff_language [Item 1A, p.17]: ""U.S. global policy, including as it relates to tariffs, trade disputes and renewing trade agreements with various countries, could affect"" ... ""may ultimately affect interest rates, business import/export activity, capital expenditures by businesses, and investor confidence.""",https://www.sec.gov/Archives/edgar/data/101382/000095017025028420/umbf-20241231.htm
CIM,CHIMERA INVESTMENT CORP,525,0.00963542,None,not found,not found,1,"import_reliance [None]: """" || source_countries [not found]: """" || finished_vs_input [not found]: """" || tariff_language [Item 1A, p.20]: ""of the U.S. government to address debt ceiling crises, uncertainty over tariffs and potential international trade disputes, uncertainty""",https://www.sec.gov/Archives/edgar/data/1409493/000162828025006426/cim-20241231.htm
RE,EVEREST GROUP LTD,524,0.04358469,None,not found,not found,0,"import_reliance [None]: """" || source_countries [not found]: """" || finished_vs_input [not found]: """" || tariff_language [0]: """"",https://www.sec.gov/Archives/edgar/data/1095073/000109507325000015/eg-20241231.htm
ASAN,ASANA INC,518,0.022249635,None,not found,not found,1,"import_reliance [None]: """" || source_countries [not found]: """" || finished_vs_input [not found]: """" || tariff_language [Item 1A, p.19]: ""tariffs and changes in trade agreements, and their effects on software spending.""",https://www.sec.gov/Archives/edgar/data/1477720/000147772025000045/asan-20250131.htm
CYPH,OPKO HEALTH INC,621,0.019410639,Medium,"Israel, Mexico, Spain, Ireland",Inputs,0,"import_reliance [Item 1, Manufacturing and Quality, p.28]: ""Our current pharmaceutical manufacturing facilities are located in Waterford, Ireland, Guadalajara, Mexico, Nesher, Israel, and Banyoles, Spain."" || source_countries [Item 1, Manufacturing and Quality, p.28; and Item 1, Commercial Operations, p.17]: ""Our current pharmaceutical manufacturing facilities are located in Waterford, Ireland, Guadalajara, Mexico, Nesher, Israel, and Banyoles, Spain."" ... ""Through its facility in Waterford, Ireland, EirGen currently manufactures high potency pharmaceutical products and exports to over 50 countries."" ... ""OPKO Mexico is engaged in the manufacture, marketing, sale and distribution of ophthalmic and other pharmaceutical products to private and public customers in Mexico and Chile."" ... ""is our Israeli-based subsidiary that develops and manufactures high value, high potency specialty APIs."" ... ""OPKO Health Europe operates primarily in Spain and has more than 23 years of experience in the development, manufacture, marketing and sale of pharmaceutical, nutraceutical and veterinary products in Europe and Latin America."" || finished_vs_input [Item 1, p.17]: ""Through its facility in Waterford, Ireland, EirGen currently manufactures high potency pharmaceutical products and exports to over 50 countries."" || tariff_language [0]: """"",https://www.sec.gov/Archives/edgar/data/944809/000143774925005811/opk20241231_10k.htm
MCW,MISTER CAR WASH INC,811,0.026147238,None,not found,not found,1,"import_reliance [None]: """" || source_countries [not found]: """" || finished_vs_input [not found]: """" || tariff_language [Item 1A, p.7]: ""fluctuations, tariffs and economic slowdown or recession, may result in unfavorable conditions that could negatively affect demand for""",https://www.sec.gov/Archives/edgar/data/1853513/000095017025024533/mcw-20241231.htm
KNF,KNIFE RIVER CORP,212,0.02991689,None,not found,not found,1,"import_reliance [None]: """" || source_countries [not found]: """" || finished_vs_input [not found]: """" || tariff_language [Item 1A, p.19]: ""Our operations could be negatively impacted by import tariffs and/or other government mandates."" ... ""For example, in February 2025, the current United States presidential administration imposed tariffs on foreign imports into the United States, which may negatively impact our results of operations if such tariffs are not suspended or revoked.""",https://www.sec.gov/Archives/edgar/data/1955520/000195552025000010/knf-20241231.htm
WBTN,WEBTOON ENTERTAINMENT INC,516,0.046777204,None,not found,not found,1,"import_reliance [None]: """" || source_countries [not found]: """" || finished_vs_input [not found]: """" || tariff_language [Item 1A, p.33]: ""labor, real estate, taxation, intellectual property ownership and infringement, tax, export and national security, tariffs, anti-corruption""",https://www.sec.gov/Archives/edgar/data/1997859/000199785925000017/wbtn-20241231.htm
OAS,CHORD ENERGY CORP,211,0.048123883,None,not found,not found,1,"import_reliance [None]: """" || source_countries [not found]: """" || finished_vs_input [not found]: """" || tariff_language [Item 1A, p.44]: ""Our financial results could be impacted by uncertainty in U.S. trade policy, including uncertainty surrounding changes in tariffs, trade agreements or other trade restrictions imposed by the U.S. or other governments.""  ""the new Trump Administration has proposed to significantly increase tariffs on foreign imports into the United States and any new tariffs have been and continue to be rapidly and actively evolving."" ",https://www.sec.gov/Archives/edgar/data/1486159/000148615925000005/chrd-20241231.htm
TDY,TELEDYNE TECHNOLOGIES INC,334,0.062787938,Medium,"Belgium, Canada, Denmark, Estonia, France, Netherlands, Norway, Spain, Sweden, United Kingdom",Inputs,1,"import_reliance [Item 1, Raw Materials and Suppliers, p.4]: ""Some raw materials are purchased from a limited set of suppliers, including international sources, due to technical capability, price, and other factors."" ... ""In manufacturing our products, we use our own production capabilities and third-party suppliers and subcontractors, including international sources."" || source_countries [Item 2, Properties, p.22]: ""At December 29, 2024, we had 77 principal operating facilities in 20 states and 10 foreign countries."" ... ""Digital Imaging - Belgium, Canada, Estonia, France, the Netherlands, Norway, Spain, Sweden, the United Kingdom and the United States"" ... ""Instrumentation - Denmark, France, United Kingdom and the United States"" || finished_vs_input [Item 1, p.4]: ""At times we have experienced difficulty in procuring raw materials, components, sub-assemblies and other supplies required in our manufacturing processes due to shortages and supplier-imposed allocation of components."" || tariff_language [Item 1A, p.9]: ""Escalating global trade tensions and the adoption or expansion of tariffs and trade restrictions could negatively impact us."" ... ""High tariffs generally increase the cost of materials for our products, which could result in our products becoming less competitive or generating lower margins.""",https://www.sec.gov/Archives/edgar/data/1094285/000109428525000053/tdy-20241229.htm
EAF,GRAFTECH INTERNATIONAL LTD,335,0.098842658,Medium,"France, Spain, Mexico, Brazil",Inputs,1,"import_reliance [Item 1, p.3]: ""We have graphite electrode manufacturing facilities in Calais, France; Pamplona, Spain; Monterrey, Mexico and St. Marys,"" || source_countries [Item 1, p.3; and Item 2, Properties, principal-physical-properties table, p.23]: ""We have graphite electrode manufacturing facilities in Calais, France; Pamplona, Spain; Monterrey, Mexico and St. Marys, Pennsylvania (idled in 2024)."" ... ""our graphite electrode manufacturing facilities in Calais, France, Monterrey, Mexico and Pamplona, Spain, was 55% and 44% for the years ended December 31, 2024 and December 31, 2023, respectively."" ... ""Calais, France Graphite Electrode Manufacturing Facility, Sales and Service Office Owned"" ... ""Pamplona, Spain Graphite Electrode Manufacturing Facility, Sales and Service Office Owned"" ... ""Monterrey, Mexico Graphite Electrode and Pin Manufacturing Facility, Sales and Service Office Owned"" ... ""Salvador, Bahia, Brazil Graphite Electrode Machine Shop, Sales and Service Office Owned"" || finished_vs_input [Cautionary Note Regarding Forward-Looking Statements, p.1]: ""our dependence on the supply of raw materials, including decant oil and petroleum needle coke, and disruptions in supply chains for"" || tariff_language [Item 1A, p.16]: ""Implementation of tariffs and changes to or uncertainties related to tariffs and trade agreements could adversely affect our business."" ... [Item 1A, p.16]: ""Changes in tariffs and trade barriers could also result in adverse changes in the cost and availability of our raw materials, and our ability to manufacture globally to support global sales which could lead to increased costs"" (the sentence is interrupted by the page footer here and resumes on p.17) ... [Item 1A, p.17]: ""may not be able to effectively pass on to customers, each of which could materially adversely affect our operating margins, results of operations and cash flows."" ... [Item 1A, p.16]: ""Uncertainties with respect to tariffs, trade agreements or any potential trade wars could negatively affect the global economy and could affect demand for our products and could have a material adverse effect on our financial condition, results of operations and cash flows."" ... [Item 1, p.3]: ""the possibility that the imposition of new or increase of existing custom duties and other tariffs in the countries in which we, our customers and our suppliers operate could adversely affect our operations""",https://www.sec.gov/Archives/edgar/data/931148/000093114825000028/gti-20241231.htm
LLC,VALHI INC,325,0.1076241890663283,Medium,"Australia, South Africa, Sierra Leone, Canada, India, Germany, Belgium, Norway",Inputs,1,"import_reliance [Item 1, Raw materials, p.9]: ""Titanium-containing feedstock suitable for use in the chloride process is available from a limited but increasing number of suppliers principally in Australia, South Africa, Sierra Leone, Canada and India."" || source_countries [Item 1, p.9 and p.8]: ""principally in Australia, South Africa, Sierra Leone, Canada and India"" ... ""TiO2 plants in Europe (one in each of Leverkusen, Germany; Nordenham, Germany; Langerbrugge, Belgium and Fredrikstad, Norway)"" || finished_vs_input [Item 1, Raw materials, p.9]: ""The primary raw materials used in chloride process TiO2 are titanium-containing feedstock (purchased natural rutile ore or chlorine slag), chlorine and petroleum coke."" || tariff_language [Item 1A, p.29]: ""Additional tariffs imposed by the U.S or any retaliatory or reciprocal tariffs imposed by other countries could also increase the cost of feedstock and other raw materials that go into making TiO2, the extent of which is unknown."" ",https://www.sec.gov/Archives/edgar/data/59255/000155837025002409/vhl-20241231x10k.htm
HOMD,HOME DEPOT INC,444,0.012386722,Medium,"Mexico, Canada, China, India, Vietnam, Taiwan, EU",Finished goods,1,"import_reliance [Item 1, Sourcing & Quality Assurance, p.3]: ""We maintain a global sourcing program to obtain high-quality and innovative products directly from manufacturers in the U.S. and around the world."" || source_countries [Item 1, p.3]: ""During fiscal 2024, in addition to our U.S. sourcing operations, we maintained sourcing offices in Mexico, Canada, China, India, Vietnam, Taiwan, and Europe."" || finished_vs_input [Item 1, p.3]: ""...we conduct risk-based factory audits and compliance visits with non-Canada and non-U.S. suppliers of private branded and direct import products."" || tariff_language [Item 1A, Intl Operations risk factor, p.20]: ""For the retail products we source, directly or indirectly, outside of the U.S., including Mexico, Canada and China, major changes in tax or trade policies, tariffs or trade relations could significantly adversely impact the cost of, demand for, and profitability of retail product sales in our U.S. or other locations.""",https://www.sec.gov/Archives/edgar/data/354950/000035495025000085/hd-20250202.htm
LB,LANDBRIDGE CO LLC,533,0.014715138,None,not found,not found,1,"import_reliance [None]: """" || source_countries [not found]: """" || finished_vs_input [Item 1, p.33]: ""All of our proved reserves are located in the United States."" || tariff_language [Item 1A, p.44]: ""foreign trade policies relating to increased trade restrictions or tariffs, embargoes or customs restrictions, social or labor unrest, natural disasters, epidemics or pandemics or political disputes and military conflicts that cause a material disruption in our customers' supply chains, could have a negative impact on our business and our profitability.""",https://www.sec.gov/Archives/edgar/data/1995807/000095017025034049/lb-20241231.htm
NCMI,NATIONAL CINEMEDIA INC,541,0.028322041,None,not found,not found,1,"import_reliance [None]: """" || source_countries [not found]: """" || finished_vs_input [not found]: """" || tariff_language [Item 1A, p.27]: ""We are subject to risks from changes to regulations, government funding, trade policies and tariffs imposed by governments that impact our advertising clients."" ... [Item 1A, p.27]: ""The recently announced tariffs by the U.S. government on product imports from certain countries may result in an outsize impact on certain industries that are key advertising categories for us, including automotive and consumer goods."" ... [Item 1A, p.27]: ""Additionally, changes in regulations, government funding, trade policies and tariffs could also have the impact of preventing our advertising clients from deploying new goods and services and reducing the related advertising dollars.""",https://www.sec.gov/Archives/edgar/data/1377630/000095017025034706/ncmi-20241226.htm
PODD,INSULET CORP,334,0.062787938,Medium,"Malaysia, China",Both,1,"import_reliance [Item 1, Manufacturing and Quality Assurance, p.7]: ""We produce our products at our highly automated manufacturing facility in Acton, Massachusetts and, beginning in June 2024, also at our new highly automated manufacturing plant in Malaysia, which we constructed to support our international expansion strategy and further ensure product supply."" ... [Item 1, p.7]: ""We also produce our devices on manufacturing lines at a facility in China operated by a contract manufacturer."" ... [Item 1A, p.20]: ""A significant portion of our products are manufactured by a third-party contract manufacturer in China, and we also manufacture products at our facility in Malaysia."" ... [Item 1A, p.20]: ""Our products are manufactured in three locations: at our manufacturing facility in the United States, at our newly constructed manufacturing facility in Malaysia, and on manufacturing lines owned by us at a facility located in China that is operated by a third-party contract manufacturer."" || source_countries [Item 1, p.7 and Item 1A, p.20]: ""We also own a 400,000 square foot facility in Malaysia, which houses our new manufacturing facility and office space."" || finished_vs_input [Item 1, p.7]: ""We also produce our devices on manufacturing lines at a facility in China operated by a contract manufacturer."" ... [Item 1A, p.20]: ""We also rely on third-party suppliers located in other countries."" ... [Item 1, p.7]: ""We use a broad range of raw materials in the assembly and manufacturing of our products. We purchase our raw materials and select components used in the manufacturing of our products from external suppliers."" ... [Item 1, p.7]: ""application-specific integrated circuit chips, Bluetooth low-energy chips, and other specialized parts."" || tariff_language [Item 1A, p.20]: ""The implementation of more restrictive trade policies, such as more detailed inspections, higher tariffs, or new barriers to entry, could negatively impact our business, results of operations, and financial condition.""",https://www.sec.gov/Archives/edgar/data/1145197/000114519725000007/podd-20241231.htm
AEHR,AEHR TEST SYSTEMS,334,0.062787938,Medium,"Taiwan, EU",Inputs,1,"import_reliance [Item 1, p.8]: ""The Company assembles its products from components and parts manufactured by others, including environmental chambers, power supplies, metal fabrications, printed circuit assemblies, ICs, burn-in sockets, high-density interconnects, wafer contactors and interconnect substrates."" ... [Item 1, p.8]: ""Final assembly and testing are performed at the Company's principal manufacturing facility located in Fremont, California."" ... [Item 1A, p.15]: ""We purchase materials from suppliers worldwide, which subjects the Company to increased risk."" ... [Item 1A, p.15]: ""We purchase components, sub-assemblies, and chambers from suppliers outside the United States."" || source_countries [Item 1A, p.16]: ""While we have limited sales in Europe and Taiwan, and procurement from these regions, unrest in these areas may result in a decrease in sales of our products, or an increase in costs of materials and services."" ... [Item 1A, p.15]: ""We purchase components, sub-assemblies, and chambers from suppliers outside the United States."" || finished_vs_input [Item 1, p.8]: ""The Company assembles its products from components and parts manufactured by others, including environmental chambers, power supplies, metal fabrications, printed circuit assemblies, ICs, burn-in sockets, high-density interconnects, wafer contactors and interconnect substrates."" ... [Item 1A, p.15]: ""We purchase components, sub-assemblies, and chambers from suppliers outside the United States."" || tariff_language [Item 1A, p.15]: ""Increases in tariffs, additional taxes, or trade barriers may result in an increase in our manufacturing costs.""",https://www.sec.gov/Archives/edgar/data/1040470/000165495424009642/aehr_10k.htm
SOI,SOLARIS ENRGY INFRASTRUCTURE,333,0.1205635048086465,Low,not found,Finished goods,1,"import_reliance [Item 1, Suppliers, p.7; and Item 1A, Power Solutions key-suppliers risk factor, p.18]: ""As part of the MER Acquisition, we obtained access to a long-standing relationship with a leading supplier of distributed power generation equipment. For the period from September 11, 2024, the closing date of the acquisition, to December 31, 2024 this supplier accounted for 38% of our total consolidated spending for the year ended December 31, 2024."" ... ""These risks can be magnified in a weak economic environment or following increases in demand arising from an economic downturn, but are also generally present due to the nature of our business and our dependence on highly-specialized equipment, some of which is sourced internationally."" ... ""In addition, the prices of certain equipment used in our Power Solutions segment may continue to experience inflationary pressures and be subject to tariffs that could further increase such costs.""|| source_countries [not found]: """" || finished_vs_input [Item 1, Our Company, p.7; and Item 1, Suppliers - Solaris Logistics Solutions, p.7]: ""Solaris Power Solutions, recently established following the acquisition of Mobile Energy Rentals LLC (“MER”), provides mobile power generation solutions through equipment lease arrangements."" ... ""MER operates throughout the United States, providing configurable sets of primarily natural gas-powered mobile turbines and ancillary equipment to energy, data center, and other commercial and industrial end-markets."" ... ""We have built long-term relationships with third-party suppliers for the transportation of equipment and products, as well as for the provision of materials used in the manufacturing and maintenance of our systems."" || tariff_language [Item 1A, Power Solutions key-suppliers risk factor, p.18]: ""In addition, the prices of certain equipment used in our Power Solutions segment may continue to experience inflationary pressures and be subject to tariffs that could further increase such costs."" ... ""Unavailability of, and lengthy delays in obtaining, the necessary equipment may result from a number of factors affecting our suppliers, including capacity constraints, labor shortages or disputes, supplier product quality issues, the impact of tariffs and other federal trade policy and suppliers’ allocations to other purchasers.""",https://www.sec.gov/Archives/edgar/data/1697500/000169750025000013/sei-20241231x10k.htm
APY,CHAMPIONX CORP,333,0.1205635048086465,Medium,"United Kingdom, Singapore",Inputs,1,"import_reliance [Item 1, Raw Materials, p.9]: ""Tariffs also increase our material input costs, and further trade restrictions, retaliatory trade measures, or additional tariffs implemented could result in higher input costs to our products."" ... [Item 1, p.10]: ""We source materials globally to achieve the most competitive cost structure utilizing robust sourcing strategies for both supply and cost management."" ... [Item 1, p.10]: ""We maintain domestic suppliers in most cases to provide for contingencies and back-up sources."" ... [Item 1A, p.16]: ""Our material input costs are adversely affected by tariffs imposed by the U.S. government on products imported into the United States and tariffs imposed by other jurisdictions, including the European Union, Canada, Mexico, India and China on U.S. goods and services"" || source_countries [Item 1, p.7 and Item 2, p.28]: ""we acquired RMSpumptools Limited, a UK-based company that designs and manufactures highly engineered mechanical and electrical solutions for complex artificial lift applications."" ... [Item 2, p.28]: ""Plants in Sugar Land, Texas; Freeport, Texas; Odessa, Texas; and Singapore, The Republic of Singapore."" || finished_vs_input [Item 1, Raw Materials, p.9]: ""We use a wide variety of raw materials in manufacturing our products, some linked to commodity indexes (olefins, aromatic solvents, metals, fatty acids, amines and alcohols) as well as some non-commodity based specialty chemicals (biocides, phosphonates, silicates, salts, acids, monomers and polymers)"" ... [Item 1, p.9]: ""We also purchase packaging materials for our manufactured products and components."" || tariff_language [Item 1, Raw Materials, p.9]: ""Tariffs also increase our material input costs, and further trade restrictions, retaliatory trade measures, or additional tariffs implemented could result in higher input costs to our products."" ... [Item 1A, p.16]: ""Tariffs and other trade measures could adversely affect our business, results of operations, financial position and cash flows.""",https://www.sec.gov/Archives/edgar/data/1723089/000172308925000025/championx-20241231.htm
SIBN,SI-BONE INC,339,0.052330023,Medium,Canada,Inputs,1,"import_reliance [Item 1, Manufacturing and Supply, p.22]: ""Substantially all of our products, including all of our implants, are manufactured in the United States."" ... [Item 1, p.22]: ""We use third-party manufacturers to produce our implants and instruments."" ... [Item 1, p.22]: ""Our only supplier for our iFuse-3D and iFuse TORQ and iFuse TORQ TNT implants is rms Company ('RMS')."" ... [Item 1A, p.31]: ""much of the titanium used in our implants is sourced from Canada and any disruption to trade with Canada caused by tariffs could increase the cost or disrupt the supply of our implants, which could materially harm our business, financial condition and results of operation."" || source_countries [Item 1A, p.31]: ""much of the titanium used in our implants is sourced from Canada and any disruption to trade with Canada caused by tariffs could increase the cost or disrupt the supply of our implants, which could materially harm our business, financial condition and results of operation."" || finished_vs_input  [Item 1A, p.31]: ""much of the titanium used in our implants is sourced from Canada"" ... [Item 1, p.22]: ""Substantially all of our products, including all of our implants, are manufactured in the United States."" || tariff_language [Item 1A, p.31]: ""The implementation of more restrictive trade policies, including the imposition of further tariffs in connection with the new presidential administration in the United States and retaliatory tariffs in response thereto, or the renegotiation of existing trade agreements with the United States or countries where we source supplies, could have a material adverse effect on our business, results of operations and financial condition."" ... [Item 1A, p.31]: ""any disruption to trade with Canada caused by tariffs could increase the cost or disrupt the supply of our implants""",https://www.sec.gov/Archives/edgar/data/1459839/000145983925000036/sibn-20241231.htm
IBCP,INDEPENDENT BANK CORP/MI,522,0.008984585,None,not found,not found,0,"import_reliance [None]: """" || source_countries [not found]: """" || finished_vs_input [not found]: """" || tariff_language [0]: """"",https://www.sec.gov/Archives/edgar/data/39311/000003931125000044/ibcp-20241231_d2.htm
TRUP,TRUPANION INC,524,0.04358469,None,not found,not found,0,"import_reliance [None]: """" || source_countries [not found]: """" || finished_vs_input [not found]: """" || tariff_language [0]: """"",https://www.sec.gov/Archives/edgar/data/1371285/000137128525000052/trup-20241231.htm
TRTX,TPG RE FINANCE TRT INC,525,0.00963542,None,not found,not found,1,"import_reliance [Item 1, Employees, p.12]: ""We do not have any employees, nor do we expect to have employees in the future. We are externally managed and are advised by our Manager pursuant to our Management Agreement between our Manager and us."" || source_countries [not found]: """" || finished_vs_input [not found]: """" || tariff_language [Item 1A, p.60]: ""The U.S. government has indicated its intent to alter its approach to international trade policy and in some cases to renegotiate certain existing trade agreements with foreign countries."" ... [Item 1A, p.60]: ""In addition, the U.S. government has recently imposed tariffs on certain foreign goods and has indicated a willingness to impose tariffs on imports of other products."" ... [Item 1A, p.60]: ""Some foreign governments, including China, have instituted retaliatory tariffs on certain U.S. goods and have indicated a willingness to impose additional tariffs on U.S. products.""",https://www.sec.gov/Archives/edgar/data/1630472/000163047225000005/trtx-20241231.htm
AFYA,AFYA LIMITED,611,0.011693273,None,not found,not found,0,"import_reliance [None]: """" || source_countries [not found]: """" || finished_vs_input [not found]: """" || tariff_language [0]: """"",https://www.sec.gov/Archives/edgar/data/1771007/000129281424001607/afyaform20f_2023.htm
JYD,JAYUD GLOBAL LOGISTICS LTD,488,0.020218231,None,not found,not found,1,"import_reliance [Item 4.B, p.57]: ""We also engage in international trading directly through the wholesaling of certain goods with our customers. Unlike our freight forwarding services, our international trading business requires us to bear both inventory risks and credit risks."" ... [Item 4.A, p.52]: ""The main business focus of Shenzhen Ronghai Tongda Supply Chain Management Co., Ltd and HK XINYX Technology Limited is international trading business."" ... [Item 4.B, p.57]: ""to procure certain goods from the designated third-party"" ... [Item 3.D, p.10]: ""We are an end-to-end supply chain solution provider, and a substantial portion of our business operations is freight forwarding, particularly international freight forwarding. Our freight forwarding operations may be affected by trade restrictions implemented by countries or territories in which our customers are located or in which our customers' products are manufactured or sold."" ... [Item 4.B, p.56]: ""we maintained a fleet of two self-owned trucks as of December 31, 2023"" || source_countries [not found]: """" || finished_vs_input [not found]: """" || tariff_language [Item 3.D, p.10]: ""Trade restrictions could materially and adversely affect our business, financial condition and results of operations.""",https://www.sec.gov/Archives/edgar/data/1938186/000121390024036622/ea0203450-20f_jayud.htm
FCAU,STELLANTIS NV,336,0.1626785892913838,Medium,"Mexico, Canada, Italy",Both,1,"import_reliance [Item 4.B, Property, Plant and Equipment, p.14]: ""As of December 31, 2024, Stellantis manufacturing facilities (including passenger vehicle and light commercial vehicle assembly, propulsion systems and components plants, and excluding joint ventures), are primarily located in Enlarged Europe (mainly in France, Germany, Italy, Spain and UK), North America (U.S., Canada and Mexico), South America (Brazil and Argentina) and Africa (Morocco)."" ... [Item 5, MD&A, p.39]: ""Further, in many markets where our vehicles are sold, we are required to pay import duties on those vehicles, which are included in production costs."" || source_countries [Item 4.B, p.12]: ""Stellantis' operations to manufacture, distribute and sell vehicles in the United States, Canada and Mexico, primarily under the Jeep, Ram, Dodge, Chrysler, FIAT and Alfa Romeo brands. Manufacturing plants are located in: U.S., Canada and Mexico"" ... [Item 4.B, p.12]: ""Maserati: Stellantis' operations to design, engineer, develop, manufacture, distribute worldwide and sell luxury vehicles under the Maserati brand. Design, engineering and manufacturing plants are located in Italy."" ... [Item 4.B, p.12]: ""Manufacturing plants are located in: France, Italy, Spain, Germany, UK, Poland, Portugal, Serbia and Slovakia."" ... [Item 4.D, pp.289-290]: ""The following table provides information about Stellantis' significant vehicle assembly plants as of December 31, 2024, excluding joint ventures, of which the largest by region are Warren Truck (U.S.), Betim (Brazil) and Sochaux (France). Each of the assembly plants listed below have a covered area of more than 100,000 square meters:"" || finished_vs_input  [Item 5, p.39]: ""Further, in many markets where our vehicles are sold, we are required to pay import duties on those vehicles, which are included in production costs."" ... [Item 4.B, p.14]: ""Stellantis purchases a variety of components (including but not exclusively, mechanical, steel, electrical, electronic and plastic components as well as castings and tires), raw materials, supplies, utilities, logistics and other services from numerous suppliers. The purchase of raw materials, parts and components has historically accounted for a substantial majority of our total Cost of revenues."" || tariff_language [Item 5, MD&A, Tariffs and Trade Policy, p.36]: ""There has been a recent and significant increase in activity and speculation regarding tariffs and duties between the U.S. and its trading partners, including China, Canada, Mexico and the European Union, including recent announcements by the U.S. administration of its intention to enact a variety of new tariffs, including on automobiles and steel and aluminum products."" ... [Item 5, p.39]: ""Despite our efforts, our production costs related to raw materials and components may increase as a result of tariffs.""",https://www.sec.gov/Archives/edgar/data/1605484/000160548425000013/stellantis-20241231.htm
ZIP,ZIPRECRUITER INC,519,0.022249635,None,not found,not found,1,"import_reliance [Item 1, p.12]: ""Our systems are currently operated entirely on cloud services."" || source_countries [not found]: """" || finished_vs_input [not found]: """" || tariff_language [Item 1A, p.14]: ""In addition, any significant changes to U.S. trade policies, treaties or tariffs, or the perception that any of them could occur, may have a material adverse effect on global economic conditions and the stability of global financial markets, and may significantly reduce global trade and, in particular, trade between the impacted nations and the United States.""",https://www.sec.gov/Archives/edgar/data/1617553/000161755325000011/zip-20241231.htm
OGS,ONE GAS INC,221,0.019867283,None,not found,not found,0,"import_reliance [None]: """" || source_countries [not found]: """" || finished_vs_input [not found]: """" || tariff_language [0]: """"",https://www.sec.gov/Archives/edgar/data/1587732/000158773225000013/ogs-20241231.htm
VTS,VITESSE ENERGY INC,211,0.048123883,None,not found,not found,1,"import_reliance [None]: """" || source_countries [not found]: """" || finished_vs_input [not found]: """" || tariff_language [Item 1A, p.36]: ""In addition, there is currently significant uncertainty about the future relationship between the United States and various other countries, with respect to trade policies, treaties, tariffs, taxes, and other limitations on cross-border operations.""",https://www.sec.gov/Archives/edgar/data/1944558/000194455825000033/vitesse-20241231.htm
AMRK,GOLD.COM INC,423,0.023337712,Medium,"Australia, Austria, Canada, China, Mexico, South Africa, United Kingdom",Finished goods,0,"import_reliance [Item 1, Wholesale Sales, p.7]: ""We are an authorized distributor (and, in the case of the United States Mint, an authorized purchaser) of gold and silver coins for all of the major sovereign mints and various private mints."" ... ""We purchase and take delivery of coins from the mints for resale to coin dealers, financial institutions, and other qualified purchasers."" || source_countries [Item 1, p.7]: ""The sovereign mints include the United States Mint, the Australian (Perth) Mint, the Austrian Mint, the Royal Canadian Mint, the China Mint, Banco de Mexico, the South African Mint (Rand Refinery) and the Royal Mint (United Kingdom)."" || finished_vs_input [Item 1, p.7]: ""We purchase and take delivery of coins from the mints for resale"" || tariff_language [Item 1A, p.18]: ""Business operations outside the U.S. are subject to political, economic and other risks inherent in operating in foreign countries. These include risks of general applicability, such as the need to comply with multiple regulatory regimes; trade protection measures and import or export licensing requirements and tariffs""",https://www.sec.gov/Archives/edgar/data/1591588/000095017024106317/amrk-20240630.htm
AMSF,AMERISAFE INC,524,0.04358469,None,not found,not found,0,"import_reliance [None]: """" || source_countries [not found]: """" || finished_vs_input [not found]: """" || tariff_language [0]: """"",https://www.sec.gov/Archives/edgar/data/1018979/000095017025030059/amsf-20241231.htm
,AVISTA CORP,221,0.019867283,High,Canada,Both,1,"import_reliance [Item 1, Natural Gas Supply, p.15]: ""These interstate pipeline transportation rights provide the capacity to serve approximately 25 percent of peak natural gas customer demands from domestic sources and 75 percent from Canadian sources."" ... [Item 7, p.40]: ""As we import a significant amount of natural gas from Canada, both to serve our retail natural gas customers and as fuel for electric generation, these tariffs could have a significant impact on our resource costs."" || source_countries [Item 1, p.15; Item 7, p.40]: ""75 percent from Canadian sources"" ... ""we import a significant amount of natural gas from Canada"" || finished_vs_input [Item 7, p.40]: ""both to serve our retail natural gas customers and as fuel for electric generation"" || tariff_language [Item 1A, p.29; Item 7, p.40]: ""Import tariffs could lead to increased prices on energy commodities and/or equipment and materials that are critical to our business."" ... ""Potential Tariffs on Imports - The President of the United States of America has announced plans to impose tariffs on certain imported goods. ... We anticipate that any such tariffs would apply to natural gas and electricity imported from Canada, as well as wood waste used as fuel at the Kettle Falls GS.""",https://www.sec.gov/Archives/edgar/data/104918/000095017025027077/ava-20241231.htm
BCAL,CALIFORNIA BANCRP,522,0.008984585,None,not found,not found,0,"import_reliance [None]: """" || source_countries [not found]: """" || finished_vs_input [not found]: """" || tariff_language [Item 1A, p.27]: ""The trade policies and potential tariff initiatives being pursued by the U.S. government under the administration of President Trump may present risks to our borrowers and the markets within which we operate, particularly with respect to the threatened imposition of additional tariffs on certain products imported from countries such as Mexico, Canada, China... As a result, our financial performance, including credit quality and loan growth, could be adversely affected by these policy changes.""",https://www.sec.gov/Archives/edgar/data/1795815/000162828025015957/bcal-20241231.htm
EXPC,STRATA CRITICAL MEDICAL INC,481,0.09427368,None,not found,not found,1,"import_reliance [None]: """"|| source_countries [not found]: """" || finished_vs_input [not found]: """" || tariff_language [Item 1A, p.17]: ""Continued periods of significant disruption in the supply of aircraft fuel could have a significant negative impact on consumer demand, our operating results, and liquidity"" ... ""changes in fuel-related governmental policy, tariffs implemented by the U.S. on countries where aircraft fuel is sourced from, the strength of the U.S. dollar against foreign currencies""",https://www.sec.gov/Archives/edgar/data/1779128/000177912825000010/blde-20241231.htm
BTDR,BITDEER TECHNOLOGIES GROUP,518,0.022249635,None,not found,not found,0,"import_reliance [Item 3.D, p.25]: ""Further, we rely on certain overseas suppliers, including suppliers in the United States, for the supply of certain equipment and tools, such as mining machines."" ... [Item 3.D, p.18]: ""We also source mining machines from a wide variety of manufacturers and traders with whom we have built relationships over the years."" || source_countries [not found]: """" || finished_vs_input [not found]: """" || tariff_language [Item 3.D, p.20; p.25]: ""governmental policies favoring domestic companies in certain foreign markets or trade barriers including export requirements, tariffs, taxes and other restrictions and charges."" ... ""Changes to trade policies, treaties and tariffs in or affecting the jurisdictions in which we operate and to which we sell our products and services... could adversely affect the financial and economic conditions in those jurisdictions, as well as our international sales, financial condition and results of operations.""",https://www.sec.gov/Archives/edgar/data/1899123/000114036124016150/ef200119374_20f.htm
BY,BYLINE BANCORP INC,522,0.008984585,None,not found,not found,0,"import_reliance [None]: """" || source_countries [not found]: """" || finished_vs_input [not found]: """" || tariff_language [0]: """"",https://www.sec.gov/Archives/edgar/data/1702750/000095017025030118/by-20241231.htm
TCEL,CELLDEX THERAPEUTICS INC,325,0.1076241890663283,Medium,not found,Inputs,0,"import_reliance [Item 1, Manufacturing, p.13]: ""To conduct late-stage clinical trials, as well as manufacture and commercialize our drug candidates, we engage CDMOs in the U.S and outside the U.S."" ... ""We also rely on CDMOs for filling, labeling and storage for studies inside and outside the U.S."" || source_countries [not found]: """" || finished_vs_input [Item 1, p.13]: ""we engage CDMOs in the U.S and outside the U.S."" || tariff_language [Item 1A, p.36]: ""If we obtain approval to commercialize any approved products outside of the United States, a variety of risks associated with international operations could materially adversely affect our business... unexpected changes in tariffs, trade barriers and regulatory requirements""",https://www.sec.gov/Archives/edgar/data/744218/000141057825000216/cldx-20241231x10k.htm
WAMU,MR COOPER GROUP INC,522,0.008984585,None,not found,not found,0,"import_reliance [None]: """" || source_countries [not found]: """" || finished_vs_input [not found]: """" || tariff_language [0]: """"",https://www.sec.gov/Archives/edgar/data/933136/000093313625000018/coop-20241231.htm
CZFS,CITIZENS FINANCIAL SVCS INC,522,0.008984585,None,not found,not found,0,"import_reliance [None]: """" || source_countries [not found]: """" || finished_vs_input [not found]: """" || tariff_language [Item 1A, p.12]: ""the impact of domestic and international government policies and regulations (including changes in price supports, subsidies, government-sponsored crop insurance, minimum ethanol content requirements for gasoline, tariffs, trade barriers, trade agreements and health and environmental regulations)""",https://www.sec.gov/Archives/edgar/data/739421/000114036125007274/ef20038946_10k.htm
DH,DEFINITIVE HEALTH CORP,519,0.022249635,None,not found,not found,0,"import_reliance [None]: """" || source_countries [not found]: """" || finished_vs_input [not found]: """" || tariff_language [0]: """"",https://www.sec.gov/Archives/edgar/data/1861795/000095017025029086/dh-20241231.htm
EB,EVENTBRITE INC,519,0.022249635,None,not found,not found,0,"import_reliance [None]: """" || source_countries [not found]: """" || finished_vs_input [not found]: """" || tariff_language [Item 1A, p.6]: ""Global and regional macroeconomic developments, such as increased unemployment, volatility in financial and capital markets, increased interest rates, reduced access to credit and decreased liquidity, political uncertainty, the threat or imposition of substantial tariffs on imports from various countries, including China, Canada and Mexico, and armed conflicts, could negatively affect consumer and corporate spending""",https://www.sec.gov/Archives/edgar/data/1475115/000147511525000026/eb-20241231.htm
PCPL,E2OPEN PARENT HOLDINGS INC,518,0.022249635,None,not found,not found,0,"import_reliance [None]: """" || source_countries [not found]: """" || finished_vs_input [not found]: """" || tariff_language [Item 1A, p.25; Item 1, p.27]: ""laws and policies of the U.S. and other jurisdictions affecting international trade (including import and export control laws, tariffs and trade barriers)""",https://www.sec.gov/Archives/edgar/data/1800347/000095017024049948/etwo-20240229.htm
GPRK,GEOPARK LTD,211,0.048123883,None,not found,not found,0,"import_reliance [Item 3.D, p.27]: ""While we do not directly import or export significant volumes of materials from or to the United States, our operations in Colombia, Ecuador, Brazil, and Argentina rely on equipment, technology, and services sourced globally, many of which may be affected by these measures."" || source_countries [not found]: """" || finished_vs_input [not found]: """" || tariff_language [Item 3.D, p.27]: ""New U.S. trade tariffs may adversely affect our cost structure, supply chain, and commodity markets. The current U.S. administration has put in place trade tariffs on a range of goods and services... The resulting disruptions could lead to higher costs or delays in the procurement of critical inputs.""",https://www.sec.gov/Archives/edgar/data/1464591/000155837025004328/gprk-20241231x20f.htm
ARC,HILLTOP HOLDINGS INC,522,0.008984585,None,not found,not found,0,"import_reliance [None]: """" || source_countries [not found]: """" || finished_vs_input [not found]: """" || tariff_language [Item 1A, p.33]: ""Several factors could pose risks to the financial services industry, including tightening monetary policies by central banks, rising energy prices, trade wars, restrictions and tariffs""",https://www.sec.gov/Archives/edgar/data/1265131/000155837025001023/hth-20241231x10k.htm
FM,JACK IN THE BOX INC,722,0.029710716,Medium,not found,Inputs,1,"import_reliance [Item 1A, p.9]: ""Additionally, some of our produce, meats, and restaurant supplies are sourced from outside the United States. Any new or increased import duties, tariffs, or taxes, or other changes in U.S. trade or tax policy, could result in higher food and commodity costs that would adversely impact our financial results."" || source_countries [not found]: """" || finished_vs_input [Item 1A, p.9]: ""some of our produce, meats, and restaurant supplies"" ... ""Any new or increased import duties, tariffs, or taxes... could result in higher food and commodity costs that would adversely impact our financial results."" || tariff_language [Item 1A, p.9]: ""some of our produce, meats, and restaurant supplies""",https://www.sec.gov/Archives/edgar/data/807882/000080788224000052/jack-20240929.htm
MDXG,MIMEDX GROUP INC,325,0.1076241890663283,None,not found,not found,0,"import_reliance [Item 1, p.7]: ""The manufacturing of our human derived product offering begins with donated birth tissue, namely the human placental membrane, umbilical cord and the placental disc, which we source through a large donor network developed over multiple years with leading hospitals and clinician groups."" ... ""which then are shipped to our manufacturing facilities in Marietta, Georgia"" || source_countries [not found]: """" || finished_vs_input [not found]: """" || tariff_language [0]: """" ",https://www.sec.gov/Archives/edgar/data/1376339/000137633925000009/mdxg-20241231.htm
MNMD,DEFINIUM THERAPEUTICS INC,325,0.1076241890663283,Medium,not found,Inputs,0,"import_reliance [Item 1A, p.41]: ""We currently conduct our manufacturing or repackaging/relabeling of our product candidates or their active ingredients through our CDMOs in the United States and outside of the United States."" ... ""The importer for the clinical trials must also obtain a Schedule I importer registration and an import permit for each import."" ... [Item 1A, p.51]: ""production shortages resulting from any events affecting raw material supply or manufacturing capabilities abroad"" || source_countries [not found]: """" || finished_vs_input [Item 1A, p.41]: ""We currently conduct our manufacturing or repackaging/relabeling of our product candidates or their active ingredients through our CDMOs in the United States and outside of the United States."" || tariff_language [Item 1A, p.51]: ""There is a variety of risks associated with marketing our product candidates internationally... unexpected changes in tariffs, trade barriers, price and exchange controls and other regulatory requirements""",https://www.sec.gov/Archives/edgar/data/1813814/000095017025034176/mnmd-20241231.htm
NG,NOVAGOLD RESOURCES LTD,212,0.02991689,Low,not found,not found,1,"import_reliance [Item 1A p.16]: ""may impact our ability to import materials needed to construct our projects or conduct our operations."" || source_countries [not found]: """" || finished_vs_input [not found]: """" || tariff_language [Item 1A, p.16]: ""the imposition of protectionist or retaliatory trade tariffs by countries may impact our ability to import materials needed to construct our projects or conduct our operations, or to export our products, at prices that are economically feasible for our operations, or at all""",https://www.sec.gov/Archives/edgar/data/1173420/000117184325000387/ng20241130_10k.htm
NODK,NI HOLDINGS INC,524,0.04358469,None,not found,not found,0,"import_reliance [None]: """" || source_countries [not found]: """" || finished_vs_input [not found]: """" || tariff_language [Item 1A, p.17]: ""Additionally, international trade policies, including the imposition of tariffs between major trading partners such as the United States and China, can create significant fluctuations in crop prices... These trade tensions and retaliatory tariffs may affect agricultural commodity prices and create additional market uncertainty in our crop insurance business.""",https://www.sec.gov/Archives/edgar/data/1681206/000117494725000304/nodk-20241231.htm
VDSI,ONESPAN INC,334,0.062787938,Medium,"China, Romania",Finished goods,1,"import_reliance [Item 1, Production, p.4]: ""Our Digipass authentication devices are manufactured by third-party manufacturers at several independent factories in Southern China and one within the European Union, in Romania."" ... [Item 1A, p.12]: ""Our Digipass authentication devices are currently assembled at several facilities located in mainland China and one facility in Romania."" || source_countries [Item 1, p.4; Item 1A, p.12]: ""several independent factories in Southern China and one within the European Union, in Romania"" ... ""mainland China and one facility in Romania"" || finished_vs_input [Item 1, p.4]: ""We purchase microprocessors and arrange for shipment to our third-party manufacturers for assembly and testing"" || tariff_language [Item 1A, p.12]: ""We may experience similar disruptions again due to numerous factors, including tariffs and trade disputes, geopolitical tensions, armed conflict..."" ... ""the supply of components or finished products for our Digipass authenticator business""... [Item 1, p.4]: ""global supply chains for semiconductors and electronic components remain vulnerable to disruption from range of risks, including... tariffs or trade disputes""",https://www.sec.gov/Archives/edgar/data/1044777/000162828025008750/ospn-20241231.htm
PAX,PATRIA INVESTMENTS LTD,523,0.07506627,None,not found,not found,0,"import_reliance [None]: """" || source_countries [not found]: """" || finished_vs_input [not found]: """" || tariff_language [Item 3.D, p.7; p.14]: ""The past few years brought significant geopolitical concerns, including, among other things, continued trade tensions, most notably between China and the U.S., resulting from the implementation of tariffs by the U.S. and retaliatory tariffs by other countries"" ... ""(5) trade restrictions, including timing delays associated with customs procedures, tariffs and import or export licensing requirements""",https://www.sec.gov/Archives/edgar/data/1825570/000162828024018749/pax-20231231.htm
PTGX,PROTAGONIST THERAPEUTICS INC,325,0.1076241890663283,Medium,"EU, Asia",Inputs,0,"import_reliance [Item 1, Manufacturing, p.23]: ""We work with contract manufacturers in the United States, Europe and Asia."" ... ""We have established a global supply chain for raw material, active pharmaceutical ingredients (“API”), drug product manufacturing and distribution."" || source_countries [Item 1, p.23]: ""contract manufacturers in the United States, Europe and Asia"" || finished_vs_input [Item 1, Manufacturing, p.23; and Item 1A, p.40]: ""We contract with third parties for the manufacturing of our product candidates for pre-clinical studies and clinical trials and eventually for commercial supplies and intend to continue to do so in the future."" ... ""We do not own or operate any manufacturing facilities and we have no plans to build any owned clinical or commercial scale manufacturing capabilities."" ... ""We have established a global supply chain for raw material, active pharmaceutical ingredients ('API'), drug product manufacturing and distribution."" ... ""We regularly consider second source or back-up manufacturers for both API and drug product manufacturing."" ... ""We face a variety of manufacturing risks and rely on third parties to manufacture our drug substance and clinical drug product and we intend to rely on third parties to produce commercial supplies of any approved product candidate.""  || tariff_language [Item 1A, p.46]: ""we are currently operating in a period of macroeconomic uncertainty and capital markets disruption, which has been significantly impacted by domestic and global monetary and fiscal policy, trade regulations, including changes in trade policies, tariffs or other trade restrictions or the threat of such actions""",https://www.sec.gov/Archives/edgar/data/1377121/000155837025001317/ptgx-20241231x10k.htm
RBCAA,REPUBLIC BANCORP INC/KY,522,0.008984585,None,not found,not found,0,"import_reliance [None]: """" || source_countries [not found]: """" || finished_vs_input [not found]: """" || tariff_language [Item 1A, p.33]: ""Domestic and international economic factors, including but not limited to international conflicts, government trade restrictions, sanctions, and tariffs, unrelated to the Company's performance""",https://www.sec.gov/Archives/edgar/data/921557/000155837025002370/rbcaa-20241231x10k.htm
SGPH,SIGA TECHNOLOGIES INC,325,0.1076241890663283,None,not found,not found,0,"import_reliance [Item 1, Manufacturing, p.5-6]: ""SIGA relies on and uses third parties known as Contract Manufacturing Organizations ('CMOs') to procure commercial raw materials and supplies, and to manufacture TPOXX."" || source_countries [not found]: """" || finished_vs_input [not found]: """" || tariff_language [Item 1A, p.19]: ""increased costs and risks relating to exportation, shipping and transportation of the Company's products, including the impact of any trade disputes or other trade barriers, such as the imposition of new or increased tariffs""",https://www.sec.gov/Archives/edgar/data/1010086/000143774925007056/siga20241231_10k.htm
TMCI,TREACE MEDIC CNCPTS INC,339,0.052330023,Medium,not found,Finished goods,1,"import_reliance [Item 1A, p.58]: ""changes in laws or policies governing the terms of foreign trade, and in particular increased trade restrictions, tariffs or taxes on imports from countries where we purchase our products or our suppliers purchase product components may affect the prices of and demand for our products."" ... [Item 1 Manufacturing and Supply, p.19]: ""We currently leverage third-party manufacturing relationships to ensure low-cost production."" || source_countries [not found]: """" || finished_vs_input [Item 1A, p.58; Item 1, p.19]: ""countries where we purchase our products"" ... ""our suppliers purchase product components"" || tariff_language [Item 1A, p.58]: ""In addition, changes in laws or policies governing the terms of foreign trade, and in particular increased trade restrictions, tariffs or taxes on imports from countries where we purchase our products or our suppliers purchase product components may affect the prices of and demand for our products.""",https://www.sec.gov/Archives/edgar/data/1630627/000095017025029029/tmci-20241231.htm
UBS,UBS GROUP AG,523,0.07506627,None,not found,not found,0,"import_reliance [None]: """" || source_countries [not found]: """" || finished_vs_input [not found]: """" || tariff_language [Economic and market outlook, p.30]: ""This should help mitigate the potential drag from higher trade tariffs."" ... ""The prospect of higher tariffs on exports to the US could prove a headwind to growth in Europe and Asia.""",https://www.sec.gov/Archives/edgar/data/1610520/000161052025000023/ubs-20241231.htm
UPST,UPSTART HOLDINGS INC,522,0.008984585,None,not found,not found,0,"import_reliance [None]: """" || source_countries [not found]: """" || finished_vs_input [not found]: """" || tariff_language [0]: """"",https://www.sec.gov/Archives/edgar/data/1647639/000164763925000018/upst-20241231.htm
GHIV,UWM HOLDINGS CORP,522,0.008984585,None,not found,not found,0,"import_reliance [None]: """"  || source_countries [not found]: """" || finished_vs_input [not found]: """" || tariff_language [Item 1A, p.12]: ""it is unclear how recent governmental actions or the threats of certain actions, such as tariffs, reductions of governmental employees and governmental spending, tax reform, and actions taken to address the debt ceiling, will impact the U.S. economy""",https://www.sec.gov/Archives/edgar/data/1783398/000178339825000007/uwmc-20241231.htm
VINP,VINCI COMPASS INVEST LTD,523,0.07506627,None,not found,not found,0,"import_reliance [None]: """" || source_countries [not found]: """" || finished_vs_input [not found]: """" || tariff_language [0]: """"",https://www.sec.gov/Archives/edgar/data/1826286/000119312524100785/d806661d20f.htm
VTEX,VTEX,518,0.022249635,None,not found,not found,0,"import_reliance [None]: """" || source_countries [not found]: """" || finished_vs_input [not found]: """" || tariff_language [Item 3.D, p.11; p.12]: ""Business expansion and development in new jurisdictions may expose us to risk related to... tariffs and other trade barriers"" ... ""changes in international trade policies, tariffs and other non-tariff barriers, such as quotas and local content rules""",https://www.sec.gov/Archives/edgar/data/1793663/000095017025026601/ck0001793663-20241231.htm
WFSL,WAFD INC,522,0.008984585,None,not found,not found,0,"import_reliance [None]: """" || source_countries [not found]: """" || finished_vs_input [not found]: """" || tariff_language [Item 1A, p.26]: ""Changes in trade policies by the United States or other countries, such as tariffs or retaliatory tariffs, may cause inflation which could impact the prices of products sold by our borrowers and have the potential to reduce demand for their products impacting their profitability and making it difficult for our borrowers to repay their loans.""",https://www.sec.gov/Archives/edgar/data/936528/000093652824000164/wfsl-20240930.htm
